loan_id,applicant_group,annual_income,loan_amount,dti_ratio,credit_score,employment_years,region,defaulted
LN000000,A,89993.0,4208.0,0.03,722,4.3,North,1
LN000001,B,58401.0,21949.0,0.3993,675,2.1,North,0
LN000002,B,84374.0,33372.0,0.4231,646,15.3,Central,0
LN000003,B,54159.0,24318.0,0.4264,726,1.2,Central,0
LN000004,A,86193.0,37621.0,0.4151,699,4.0,South,0
LN000005,A,68869.0,26435.0,0.4378,609,3.4,North,1
LN000006,B,48825.0,22017.0,0.5021,636,9.3,South,0
LN000007,B,62606.0,15794.0,0.2118,634,4.5,North,0
LN000008,A,105041.0,25559.0,0.2545,704,4.5,North,0
LN000009,A,76199.0,22756.0,0.2844,752,11.2,South,0
LN000010,B,50867.0,10012.0,0.1621,647,2.7,South,0
LN000011,A,104214.0,49685.0,0.4255,679,4.3,Central,0
LN000012,A,87725.0,24824.0,0.2966,717,6.8,South,0
LN000013,A,62559.0,5910.0,0.03,778,29.3,Central,0
LN000014,B,81992.0,33944.0,0.4615,643,7.4,South,0
LN000015,B,74757.0,25956.0,0.3061,599,4.3,North,0
LN000016,B,38219.0,17336.0,0.4522,749,2.7,South,0
LN000017,A,134730.0,24708.0,0.2378,654,5.2,North,0
LN000018,B,50820.0,20030.0,0.3565,683,0.6,North,0
LN000019,A,73083.0,22935.0,0.3298,636,3.9,Central,0
LN000020,A,81878.0,47208.0,0.6189,717,2.4,North,1
LN000021,A,98330.0,47080.0,0.4542,690,2.6,North,0
LN000022,B,76460.0,24058.0,0.2826,764,15.6,North,0
LN000023,A,54983.0,20438.0,0.3766,779,1.7,South,1
LN000024,A,91767.0,32676.0,0.3647,666,8.2,Central,0
LN000025,A,77652.0,31734.0,0.4203,711,6.8,South,0
LN000026,A,116969.0,27615.0,0.271,742,8.0,Central,0
LN000027,A,115351.0,39098.0,0.4216,718,12.4,Central,0
LN000028,B,31493.0,5431.0,0.2222,667,11.4,Central,0
LN000029,B,50251.0,11653.0,0.3284,606,6.0,Central,0
LN000030,A,115263.0,26785.0,0.2544,753,2.3,South,0
LN000031,A,77924.0,39908.0,0.4905,720,1.2,North,0
LN000032,A,41519.0,21892.0,0.6236,665,4.3,South,0
LN000033,A,92904.0,4066.0,0.0522,726,5.2,Central,0
LN000034,A,71411.0,22676.0,0.3757,706,1.6,Central,0
LN000035,A,66679.0,25088.0,0.3728,703,2.4,Central,0
LN000036,A,110679.0,68418.0,0.6047,697,8.7,North,0
LN000037,A,128573.0,76572.0,0.6648,657,6.8,North,0
LN000038,A,97778.0,28191.0,0.3316,807,6.8,North,0
LN000039,A,107923.0,39725.0,0.3351,800,3.1,North,0
LN000040,A,103514.0,55125.0,0.4744,707,18.1,Central,0
LN000041,A,61870.0,16372.0,0.2784,836,10.8,North,0
LN000042,A,97192.0,41279.0,0.4505,682,0.5,North,0
LN000043,A,76005.0,24589.0,0.3267,763,4.2,North,0
LN000044,B,47683.0,19482.0,0.3739,684,6.4,South,0
LN000045,A,68897.0,21775.0,0.401,583,10.0,North,0
LN000046,B,70418.0,35599.0,0.4947,682,7.4,Central,0
LN000047,A,43296.0,11754.0,0.3444,747,7.2,North,0
LN000048,A,68141.0,25290.0,0.4173,694,1.9,North,0
LN000049,A,53624.0,14133.0,0.2452,771,5.1,South,0
LN000050,A,97168.0,42527.0,0.4691,693,4.4,North,0
LN000051,A,80814.0,11381.0,0.2313,729,18.9,North,0
LN000052,A,87064.0,10138.0,0.1721,666,4.5,North,0
LN000053,B,58608.0,19686.0,0.4029,669,9.8,Central,0
LN000054,A,65011.0,13165.0,0.3016,764,5.7,Central,0
LN000055,A,52451.0,12243.0,0.2284,726,6.1,Central,0
LN000056,A,116233.0,56395.0,0.4493,760,13.5,Central,1
LN000057,A,119954.0,24995.0,0.1868,658,15.1,North,0
LN000058,B,81020.0,25350.0,0.3112,620,2.8,North,0
LN000059,B,41295.0,11908.0,0.3625,615,5.5,South,0
LN000060,B,56696.0,16783.0,0.2891,600,2.4,North,0
LN000061,A,103131.0,21360.0,0.2334,703,11.5,Central,0
LN000062,B,25859.0,9421.0,0.3636,607,4.7,North,0
LN000063,A,102623.0,25823.0,0.2709,751,9.0,Central,0
LN000064,A,85456.0,32185.0,0.3537,704,3.5,South,0
LN000065,A,91691.0,20738.0,0.2445,748,2.9,North,0
LN000066,A,97864.0,24743.0,0.2901,733,8.4,Central,0
LN000067,A,127019.0,17989.0,0.1516,771,3.1,North,0
LN000068,B,65166.0,24258.0,0.3571,766,9.4,Central,0
LN000069,A,98919.0,43772.0,0.3927,820,5.5,South,0
LN000070,A,45956.0,20921.0,0.4886,793,4.1,Central,0
LN000071,A,145429.0,62992.0,0.4339,664,5.2,Central,0
LN000072,A,85749.0,34259.0,0.3825,692,2.5,North,0
LN000073,A,79012.0,21070.0,0.2854,728,3.2,South,0
LN000074,A,83397.0,41622.0,0.486,642,1.3,North,1
LN000075,A,89639.0,29761.0,0.3829,629,6.9,Central,0
LN000076,A,75752.0,13698.0,0.1938,762,2.3,Central,0
LN000077,A,129735.0,14345.0,0.0579,662,9.1,South,0
LN000078,B,74591.0,16233.0,0.2008,707,10.1,South,0
LN000079,A,46676.0,15321.0,0.3173,659,4.8,South,0
LN000080,B,63602.0,16035.0,0.2152,559,1.1,North,0
LN000081,A,84658.0,36190.0,0.4533,753,6.9,Central,0
LN000082,B,86928.0,33261.0,0.3659,747,7.8,North,0
LN000083,A,106162.0,34542.0,0.3149,837,7.3,North,0
LN000084,B,69651.0,25992.0,0.3635,658,7.7,Central,0
LN000085,A,34412.0,9415.0,0.2737,676,2.3,Central,0
LN000086,A,88337.0,35402.0,0.43,671,24.7,North,0
LN000087,A,107219.0,40061.0,0.323,755,18.2,North,0
LN000088,A,104885.0,30347.0,0.2854,743,10.6,South,0
LN000089,B,61337.0,12478.0,0.2282,565,2.9,Central,0
LN000090,B,45184.0,17680.0,0.3726,710,1.8,Central,0
LN000091,A,76210.0,15135.0,0.1475,659,6.1,Central,0
LN000092,A,88542.0,18298.0,0.2055,735,8.6,South,0
LN000093,B,65243.0,31463.0,0.4146,736,8.2,Central,0
LN000094,A,84633.0,31932.0,0.3537,658,6.6,Central,0
LN000095,A,106053.0,37390.0,0.3357,687,5.6,Central,0
LN000096,A,80923.0,15834.0,0.1468,560,1.2,Central,1
LN000097,B,99502.0,33662.0,0.3095,706,8.5,Central,0
LN000098,B,41097.0,10813.0,0.2309,684,12.7,Central,0
LN000099,A,95755.0,4000.0,0.0539,675,3.1,South,0
LN000100,A,45448.0,6023.0,0.2272,694,4.2,South,0
LN000101,A,90133.0,30199.0,0.339,789,6.6,North,0
LN000102,A,118638.0,51688.0,0.3756,718,11.3,South,0
LN000103,A,125275.0,34209.0,0.2508,527,9.8,Central,1
LN000104,A,91158.0,32271.0,0.351,772,7.4,North,0
LN000105,A,113047.0,42150.0,0.3784,630,3.7,Central,0
LN000106,A,100747.0,33410.0,0.35,729,7.4,Central,0
LN000107,B,78175.0,16047.0,0.2093,681,9.6,North,1
LN000108,A,80955.0,24013.0,0.315,685,8.1,Central,0
LN000109,A,106252.0,48774.0,0.4394,679,4.5,Central,0
LN000110,A,110187.0,30652.0,0.3083,667,6.9,Central,0
LN000111,A,140898.0,30611.0,0.2257,694,3.8,North,1
LN000112,A,58389.0,21447.0,0.3792,736,1.2,North,0
LN000113,A,90184.0,28376.0,0.2954,653,9.3,North,0
LN000114,A,86599.0,20257.0,0.2451,767,8.2,Central,0
LN000115,A,67623.0,26175.0,0.3485,654,7.8,North,1
LN000116,A,96497.0,20778.0,0.2883,696,7.7,North,0
LN000117,B,65819.0,27584.0,0.4352,787,9.8,North,0
LN000118,A,82973.0,20439.0,0.1957,742,6.7,Central,0
LN000119,A,96262.0,43839.0,0.5132,827,7.7,North,1
LN000120,A,26217.0,4529.0,0.1582,654,3.9,North,0
LN000121,A,69062.0,22934.0,0.2853,737,6.1,Central,0
LN000122,A,117300.0,38791.0,0.3169,752,8.9,North,0
LN000123,A,84612.0,13775.0,0.1433,725,2.8,Central,0
LN000124,B,70245.0,9021.0,0.0969,850,11.9,South,0
LN000125,A,101461.0,46297.0,0.5002,768,2.5,Central,0
LN000126,A,75191.0,31860.0,0.4521,750,12.6,Central,0
LN000127,B,53023.0,17274.0,0.395,724,3.5,North,0
LN000128,A,117265.0,40741.0,0.2737,702,3.5,Central,0
LN000129,A,68986.0,16018.0,0.1869,767,13.5,North,0
LN000130,A,111791.0,7322.0,0.0404,687,2.1,North,0
LN000131,A,116427.0,30020.0,0.2438,686,4.3,Central,0
LN000132,B,54047.0,32104.0,0.5908,783,4.8,South,0
LN000133,A,83428.0,15334.0,0.1557,643,3.9,North,0
LN000134,A,52026.0,22531.0,0.3845,614,4.7,Central,0
LN000135,A,106743.0,29956.0,0.2805,807,10.7,South,0
LN000136,B,37490.0,10301.0,0.3218,728,10.6,North,0
LN000137,A,85859.0,37834.0,0.4646,631,1.2,North,0
LN000138,A,91777.0,27472.0,0.3288,732,12.9,North,0
LN000139,A,95215.0,25641.0,0.2211,655,3.1,Central,0
LN000140,A,84867.0,15708.0,0.1585,650,7.1,Central,0
LN000141,A,53410.0,10905.0,0.1826,673,3.3,Central,0
LN000142,A,108634.0,23358.0,0.2508,788,3.2,North,0
LN000143,B,76147.0,42752.0,0.6053,672,8.4,Central,1
LN000144,A,81680.0,24282.0,0.2603,687,6.2,South,0
LN000145,B,64749.0,17467.0,0.322,568,6.1,South,1
LN000146,A,62515.0,12276.0,0.2182,673,4.7,North,0
LN000147,A,67096.0,25371.0,0.3742,591,2.1,South,0
LN000148,A,79093.0,27658.0,0.3587,695,14.7,North,0
LN000149,A,64068.0,13151.0,0.2099,802,1.5,North,0
LN000150,B,61459.0,16739.0,0.2166,588,1.3,North,0
LN000151,B,48458.0,18163.0,0.3507,719,3.8,North,0
LN000152,A,72256.0,27054.0,0.3769,671,3.0,North,0
LN000153,A,117614.0,35966.0,0.3285,758,1.8,North,0
LN000154,A,75947.0,28726.0,0.3606,645,11.6,South,0
LN000155,A,67601.0,18332.0,0.2877,799,9.2,North,0
LN000156,A,51233.0,25587.0,0.5243,783,2.6,North,0
LN000157,B,59861.0,31941.0,0.5392,711,1.3,North,0
LN000158,B,85418.0,21937.0,0.2417,701,4.9,South,0
LN000159,A,82626.0,32044.0,0.513,686,10.1,North,0
LN000160,A,106482.0,26672.0,0.256,743,3.3,Central,0
LN000161,B,44939.0,15877.0,0.3288,591,7.0,South,0
LN000162,B,81145.0,25972.0,0.3423,662,3.4,South,0
LN000163,A,84592.0,24687.0,0.2729,676,7.6,Central,0
LN000164,A,108646.0,46275.0,0.3837,764,3.9,North,0
LN000165,A,87800.0,29990.0,0.3064,773,1.9,North,0
LN000166,A,84140.0,24954.0,0.334,686,1.1,Central,0
LN000167,A,93873.0,14819.0,0.1618,739,5.6,North,0
LN000168,B,59908.0,17338.0,0.2499,616,7.5,Central,0
LN000169,A,86465.0,26372.0,0.3166,614,8.0,South,0
LN000170,A,74621.0,25064.0,0.3522,730,8.4,Central,0
LN000171,B,82872.0,28770.0,0.4026,631,9.8,North,0
LN000172,B,93531.0,43691.0,0.5407,761,7.5,North,0
LN000173,A,54994.0,9790.0,0.2051,738,8.3,South,0
LN000174,A,85020.0,19331.0,0.2339,738,6.0,Central,0
LN000175,B,52068.0,18796.0,0.3206,612,6.6,North,1
LN000176,A,90796.0,50685.0,0.5721,735,5.5,North,0
LN000177,B,34086.0,5667.0,0.1785,646,5.8,North,0
LN000178,B,59885.0,32602.0,0.534,676,6.8,North,0
LN000179,A,102256.0,29044.0,0.3291,579,1.8,South,0
LN000180,B,51439.0,10654.0,0.2434,725,7.8,Central,0
LN000181,A,60172.0,29030.0,0.4455,748,2.6,North,0
LN000182,A,64826.0,19494.0,0.3105,708,4.7,South,0
LN000183,A,63032.0,20502.0,0.3556,654,4.5,South,0
LN000184,A,101000.0,38006.0,0.3413,741,5.6,South,0
LN000185,A,105133.0,10422.0,0.1372,708,6.1,North,0
LN000186,B,46790.0,4000.0,0.0626,630,8.5,North,0
LN000187,A,90916.0,40524.0,0.4587,646,5.4,North,0
LN000188,A,111057.0,40382.0,0.3899,643,15.3,South,0
LN000189,B,78408.0,42776.0,0.5097,645,3.6,Central,0
LN000190,A,57166.0,4089.0,0.1423,777,1.8,Central,0
LN000191,B,43192.0,9661.0,0.1762,824,8.6,South,0
LN000192,B,80208.0,16227.0,0.2092,644,6.0,North,0
LN000193,B,88487.0,26389.0,0.2893,714,5.4,South,0
LN000194,B,53521.0,15258.0,0.3379,565,1.8,Central,1
LN000195,A,140614.0,34730.0,0.297,615,4.4,North,1
LN000196,A,57425.0,4000.0,0.1143,745,16.1,Central,0
LN000197,A,102731.0,26795.0,0.2087,688,2.7,South,0
LN000198,B,40477.0,14797.0,0.3501,684,9.6,South,0
LN000199,A,125367.0,52095.0,0.4501,750,8.5,North,0
LN000200,A,81511.0,28766.0,0.4082,744,7.1,South,0
LN000201,A,136966.0,58065.0,0.4464,671,2.3,Central,0
LN000202,B,63266.0,14544.0,0.1983,686,9.1,North,0
LN000203,A,80093.0,38640.0,0.4686,753,2.9,North,0
LN000204,B,47259.0,19339.0,0.3668,711,8.6,South,0
LN000205,A,59535.0,20476.0,0.329,760,4.8,North,0
LN000206,B,44718.0,23849.0,0.468,726,3.9,Central,0
LN000207,A,77891.0,4000.0,0.0947,752,9.4,North,0
LN000208,B,65455.0,35687.0,0.5632,723,5.8,North,0
LN000209,A,56371.0,4000.0,0.0765,763,2.2,South,0
LN000210,B,70130.0,18326.0,0.2249,658,11.4,Central,0
LN000211,A,79363.0,26919.0,0.4249,846,2.6,North,0
LN000212,A,105712.0,36258.0,0.4325,671,7.1,Central,0
LN000213,A,82068.0,35184.0,0.4695,697,4.8,North,0
LN000214,B,22000.0,4110.0,0.1029,621,2.8,North,0
LN000215,A,89759.0,27981.0,0.344,692,5.8,North,0
LN000216,A,28692.0,8756.0,0.2862,728,6.8,Central,0
LN000217,B,83273.0,26309.0,0.3164,660,3.6,North,0
LN000218,A,60449.0,28987.0,0.4594,794,8.1,South,0
LN000219,A,62140.0,29828.0,0.5054,635,7.5,Central,0
LN000220,A,85655.0,28814.0,0.3979,757,4.7,Central,0
LN000221,B,61445.0,15614.0,0.2435,619,5.6,Central,0
LN000222,A,96628.0,43956.0,0.4442,686,5.3,Central,0
LN000223,B,79290.0,38819.0,0.5644,667,0.6,Central,0
LN000224,A,145549.0,34438.0,0.2151,725,8.2,South,1
LN000225,A,111001.0,15719.0,0.143,740,5.4,North,0
LN000226,B,63284.0,12936.0,0.1461,637,9.3,South,0
LN000227,A,57408.0,23006.0,0.4205,783,22.3,North,0
LN000228,A,67167.0,7620.0,0.1188,845,4.6,Central,0
LN000229,A,119433.0,45729.0,0.4693,591,2.8,North,0
LN000230,A,100542.0,30088.0,0.3089,703,3.7,Central,0
LN000231,A,47450.0,12550.0,0.3034,662,10.3,South,0
LN000232,B,52976.0,25329.0,0.5356,626,2.3,North,0
LN000233,B,100417.0,18123.0,0.1216,660,1.7,Central,0
LN000234,A,103336.0,34217.0,0.3286,837,2.8,Central,0
LN000235,A,99335.0,33071.0,0.3235,658,4.5,Central,0
LN000236,A,84952.0,26016.0,0.3164,669,6.5,South,0
LN000237,A,65022.0,17705.0,0.2299,789,5.4,North,0
LN000238,A,147029.0,54762.0,0.3293,683,13.2,Central,0
LN000239,A,110354.0,38116.0,0.3618,741,6.3,North,0
LN000240,A,98692.0,36109.0,0.3749,664,7.6,North,0
LN000241,A,111475.0,16553.0,0.1692,663,1.5,North,0
LN000242,A,90432.0,14968.0,0.2122,684,4.0,North,0
LN000243,A,105080.0,63956.0,0.6758,735,5.6,North,0
LN000244,A,112827.0,23266.0,0.1541,802,9.3,Central,0
LN000245,B,22000.0,9375.0,0.5092,621,4.2,South,1
LN000246,A,87932.0,10068.0,0.1142,711,5.3,South,0
LN000247,B,68026.0,31714.0,0.4165,740,9.1,North,0
LN000248,A,70530.0,10975.0,0.1739,752,4.1,North,0
LN000249,A,106785.0,41213.0,0.3741,690,8.4,Central,0
LN000250,A,66178.0,24137.0,0.3491,771,4.0,Central,0
LN000251,A,60918.0,21491.0,0.3362,706,5.3,Central,0
LN000252,A,94249.0,31325.0,0.3348,706,10.6,North,0
LN000253,A,125271.0,64059.0,0.5784,775,4.4,North,0
LN000254,A,115540.0,32555.0,0.286,725,4.4,South,0
LN000255,A,116917.0,45727.0,0.3502,850,2.7,Central,0
LN000256,A,107833.0,19145.0,0.082,712,5.0,North,0
LN000257,A,45407.0,19527.0,0.444,840,6.0,North,0
LN000258,A,80968.0,7876.0,0.0742,756,7.7,North,0
LN000259,B,74735.0,33831.0,0.4432,695,5.4,South,1
LN000260,A,67777.0,18603.0,0.2843,732,3.0,Central,0
LN000261,B,40147.0,15299.0,0.3972,680,5.8,North,0
LN000262,A,84708.0,5463.0,0.1168,625,9.5,Central,0
LN000263,B,60721.0,17172.0,0.3008,721,9.0,North,1
LN000264,A,105161.0,32860.0,0.3334,742,2.6,Central,1
LN000265,A,95664.0,29480.0,0.2927,678,2.9,Central,0
LN000266,A,108529.0,43432.0,0.4162,772,7.5,North,0
LN000267,B,60252.0,21812.0,0.4046,606,8.2,North,0
LN000268,A,86597.0,23862.0,0.3278,665,20.1,North,0
LN000269,A,65899.0,22782.0,0.3041,733,15.3,Central,0
LN000270,A,91612.0,36702.0,0.4344,653,7.5,South,0
LN000271,A,82413.0,33325.0,0.3835,699,1.3,North,0
LN000272,A,104814.0,49180.0,0.5036,662,9.6,South,0
LN000273,A,88937.0,19730.0,0.1878,765,9.6,Central,0
LN000274,A,88229.0,19936.0,0.2206,656,0.2,North,0
LN000275,B,58007.0,8713.0,0.0876,699,7.3,Central,0
LN000276,A,92456.0,30382.0,0.3907,743,1.6,Central,0
LN000277,A,68346.0,28067.0,0.4342,706,18.0,Central,0
LN000278,A,130471.0,83654.0,0.6256,702,8.6,Central,0
LN000279,B,62556.0,19119.0,0.2819,698,3.7,North,0
LN000280,B,50502.0,10561.0,0.1798,540,3.6,North,1
LN000281,A,93677.0,34872.0,0.3877,596,0.5,South,0
LN000282,A,75800.0,25181.0,0.3575,756,3.2,North,0
LN000283,A,102324.0,46401.0,0.4789,660,4.1,South,0
LN000284,A,101426.0,30379.0,0.2822,846,5.8,South,0
LN000285,A,110174.0,45550.0,0.4228,733,10.9,South,1
LN000286,A,89403.0,16754.0,0.1649,747,6.1,Central,0
LN000287,A,101689.0,19834.0,0.2047,673,20.9,Central,0
LN000288,A,90146.0,32874.0,0.3388,844,7.3,North,0
LN000289,A,98567.0,22787.0,0.2474,727,4.6,North,0
LN000290,B,56516.0,16879.0,0.3075,651,5.7,Central,0
LN000291,A,54972.0,25223.0,0.4373,714,3.1,South,0
LN000292,A,106206.0,24884.0,0.183,786,5.0,South,0
LN000293,A,120264.0,36548.0,0.2885,625,13.2,South,0
LN000294,B,58163.0,15569.0,0.3056,677,9.8,Central,0
LN000295,A,63087.0,36132.0,0.5516,781,9.3,North,0
LN000296,A,88033.0,41509.0,0.5206,710,11.2,Central,0
LN000297,B,83870.0,38695.0,0.4839,636,3.5,Central,0
LN000298,A,83175.0,18259.0,0.1569,749,5.9,Central,0
LN000299,A,95117.0,33100.0,0.3686,751,2.4,South,0
LN000300,A,82627.0,15177.0,0.1887,683,8.3,Central,0
LN000301,B,51983.0,22470.0,0.3683,606,8.9,North,0
LN000302,A,40851.0,22821.0,0.5342,680,1.7,South,0
LN000303,A,51319.0,18446.0,0.4024,759,1.7,Central,0
LN000304,B,64533.0,27741.0,0.4094,634,10.2,North,0
LN000305,A,90869.0,38997.0,0.4557,771,13.2,Central,0
LN000306,A,70134.0,16502.0,0.179,752,3.5,North,0
LN000307,A,64736.0,29790.0,0.3778,733,15.8,Central,0
LN000308,A,82614.0,16485.0,0.2003,766,3.6,South,0
LN000309,A,91442.0,42354.0,0.5541,678,13.7,Central,0
LN000310,A,84798.0,30330.0,0.4382,614,7.0,South,0
LN000311,B,62730.0,17993.0,0.3204,642,2.1,Central,1
LN000312,A,30609.0,16200.0,0.5566,724,5.5,South,0
LN000313,A,89620.0,22444.0,0.2234,747,5.2,Central,0
LN000314,A,84689.0,26060.0,0.3023,751,6.8,North,0
LN000315,B,68072.0,18401.0,0.2211,695,6.1,North,0
LN000316,A,99101.0,15000.0,0.1304,826,6.1,South,0
LN000317,B,49813.0,10419.0,0.1786,622,13.7,North,0
LN000318,A,61959.0,14186.0,0.1922,769,1.4,Central,0
LN000319,A,86545.0,25800.0,0.3834,687,4.6,Central,0
LN000320,A,56746.0,19612.0,0.3947,757,7.0,Central,0
LN000321,A,65343.0,27529.0,0.4491,711,9.5,Central,0
LN000322,B,54272.0,27346.0,0.4088,680,6.7,North,1
LN000323,B,51163.0,19448.0,0.433,657,5.7,North,0
LN000324,A,124940.0,67680.0,0.5294,656,10.1,North,0
LN000325,A,66540.0,15894.0,0.241,687,0.7,Central,0
LN000326,B,68694.0,26269.0,0.3898,611,11.5,North,1
LN000327,A,91400.0,45848.0,0.5267,778,1.6,North,0
LN000328,B,49936.0,14311.0,0.2824,537,22.4,Central,0
LN000329,A,22000.0,6290.0,0.2447,661,1.9,Central,0
LN000330,B,68661.0,16510.0,0.2767,564,27.0,North,0
LN000331,B,67404.0,35076.0,0.5642,754,6.8,Central,0
LN000332,A,64045.0,20110.0,0.2593,719,6.5,South,0
LN000333,A,107545.0,42086.0,0.4251,719,8.8,Central,0
LN000334,A,96557.0,35714.0,0.3713,721,10.7,South,0
LN000335,A,78413.0,23863.0,0.3269,774,6.1,North,0
LN000336,A,98445.0,15890.0,0.1492,725,15.8,North,0
LN000337,A,72426.0,13868.0,0.2391,636,14.0,South,0
LN000338,A,80465.0,25365.0,0.3049,646,7.3,North,0
LN000339,A,70293.0,21257.0,0.3337,663,3.5,Central,0
LN000340,A,90576.0,42236.0,0.4938,729,6.0,North,1
LN000341,B,78578.0,15781.0,0.1761,597,0.9,Central,0
LN000342,A,122225.0,76037.0,0.6374,717,6.8,North,0
LN000343,A,79403.0,24985.0,0.3099,787,15.1,Central,0
LN000344,B,78911.0,27473.0,0.2918,561,2.4,North,1
LN000345,A,96680.0,45381.0,0.4585,671,6.0,Central,0
LN000346,B,69546.0,24569.0,0.3247,578,12.1,South,0
LN000347,A,62996.0,30272.0,0.5266,689,13.4,Central,0
LN000348,B,78449.0,44303.0,0.5095,652,5.7,North,1
LN000349,A,81637.0,21646.0,0.2851,725,3.4,North,0
LN000350,B,46611.0,12618.0,0.3604,622,14.9,North,1
LN000351,A,139156.0,35548.0,0.2394,683,3.5,Central,0
LN000352,A,136869.0,52539.0,0.4328,745,5.3,North,0
LN000353,B,83909.0,27998.0,0.3591,770,12.2,South,0
LN000354,B,88957.0,34289.0,0.4648,577,3.1,North,0
LN000355,A,45248.0,10178.0,0.1895,721,9.6,North,0
LN000356,A,83089.0,15904.0,0.187,564,4.0,North,0
LN000357,A,48735.0,13921.0,0.2608,742,3.1,North,0
LN000358,A,79004.0,6032.0,0.0769,747,11.7,South,0
LN000359,A,53078.0,5650.0,0.136,696,3.9,South,0
LN000360,A,87411.0,4000.0,0.0404,685,10.5,South,0
LN000361,A,97565.0,17101.0,0.1668,762,21.7,Central,0
LN000362,A,70248.0,22974.0,0.2807,835,3.2,South,0
LN000363,A,56071.0,27538.0,0.4907,672,2.6,Central,0
LN000364,A,117270.0,46145.0,0.3207,698,10.6,Central,0
LN000365,A,76727.0,16847.0,0.2369,762,11.2,Central,0
LN000366,B,52547.0,25791.0,0.466,752,5.3,North,0
LN000367,A,82836.0,33681.0,0.3438,717,9.2,Central,0
LN000368,B,71814.0,23442.0,0.2477,751,7.0,North,0
LN000369,B,59499.0,25667.0,0.4738,718,6.2,North,1
LN000370,A,85084.0,22243.0,0.2742,686,2.5,North,0
LN000371,B,44182.0,15421.0,0.4387,582,8.9,South,0
LN000372,A,109186.0,56189.0,0.5505,646,19.1,South,0
LN000373,B,57368.0,14794.0,0.2066,561,4.0,North,0
LN000374,A,71279.0,17543.0,0.2187,679,1.7,Central,1
LN000375,B,55106.0,18645.0,0.3504,642,7.4,Central,0
LN000376,A,43594.0,18188.0,0.4116,683,18.6,South,0
LN000377,A,118875.0,37679.0,0.2739,608,14.7,Central,0
LN000378,A,67484.0,17418.0,0.2851,715,2.8,Central,0
LN000379,A,74749.0,8630.0,0.1603,689,6.2,Central,0
LN000380,A,78810.0,34828.0,0.5071,662,3.1,Central,0
LN000381,A,132031.0,38765.0,0.2401,756,6.9,North,0
LN000382,B,45064.0,12102.0,0.2221,752,9.3,North,0
LN000383,A,90344.0,51111.0,0.4851,770,8.7,Central,0
LN000384,A,155029.0,31063.0,0.2485,744,9.0,North,0
LN000385,A,85166.0,6267.0,0.0326,850,23.4,North,0
LN000386,B,65862.0,25498.0,0.4384,643,1.5,Central,0
LN000387,A,95914.0,21496.0,0.2066,761,6.3,Central,0
LN000388,B,66704.0,23877.0,0.3743,655,6.5,Central,0
LN000389,B,47248.0,20025.0,0.4212,641,5.7,South,0
LN000390,B,67091.0,25959.0,0.4141,719,5.6,South,1
LN000391,B,52896.0,6786.0,0.1419,664,12.0,South,0
LN000392,B,44704.0,22350.0,0.4701,697,12.6,Central,0
LN000393,B,97401.0,31463.0,0.2869,764,9.1,South,0
LN000394,A,22000.0,8086.0,0.3311,670,10.2,North,0
LN000395,A,93941.0,18357.0,0.1844,650,6.1,South,0
LN000396,A,128470.0,45336.0,0.3538,768,5.4,North,0
LN000397,A,45178.0,11512.0,0.299,743,3.8,North,1
LN000398,B,74610.0,18362.0,0.1946,582,7.1,North,0
LN000399,B,63152.0,25711.0,0.3636,717,2.9,Central,0
LN000400,A,73540.0,22807.0,0.3379,684,2.1,North,0
LN000401,B,62045.0,24054.0,0.4035,704,4.3,South,0
LN000402,A,66593.0,41304.0,0.6451,798,2.8,Central,1
LN000403,B,31870.0,10740.0,0.4071,559,8.7,North,0
LN000404,B,57973.0,17616.0,0.3466,568,8.4,Central,0
LN000405,B,70580.0,20455.0,0.2739,677,7.6,North,0
LN000406,B,103546.0,44154.0,0.3853,700,3.5,South,0
LN000407,B,80538.0,33399.0,0.4411,726,5.3,North,0
LN000408,A,103753.0,44626.0,0.4408,685,3.6,North,0
LN000409,A,77019.0,26065.0,0.3541,657,17.1,South,0
LN000410,B,46081.0,18156.0,0.4125,662,1.8,Central,0
LN000411,A,67976.0,39564.0,0.5456,703,8.9,Central,0
LN000412,A,65550.0,20041.0,0.3,795,9.4,Central,0
LN000413,A,121608.0,43610.0,0.4269,730,15.7,South,0
LN000414,B,47937.0,13016.0,0.3331,687,4.9,South,0
LN000415,B,109968.0,40283.0,0.3195,567,3.4,Central,0
LN000416,A,115114.0,37870.0,0.353,663,2.0,North,0
LN000417,A,66226.0,18293.0,0.1953,683,1.7,North,0
LN000418,A,80778.0,21243.0,0.2359,774,8.4,North,0
LN000419,A,91539.0,38702.0,0.4155,805,4.5,Central,0
LN000420,A,60402.0,21113.0,0.3198,700,21.5,South,0
LN000421,A,109731.0,17724.0,0.1507,643,0.6,North,0
LN000422,A,98383.0,57583.0,0.628,672,10.1,South,0
LN000423,A,92504.0,38276.0,0.4306,653,10.6,North,0
LN000424,A,105553.0,45589.0,0.455,790,8.0,North,0
LN000425,A,65106.0,16036.0,0.2122,723,7.1,North,0
LN000426,A,63382.0,24336.0,0.3568,795,1.7,Central,0
LN000427,B,57294.0,19769.0,0.3594,646,2.9,South,0
LN000428,B,68327.0,21313.0,0.2798,638,6.3,Central,0
LN000429,A,99356.0,38548.0,0.3461,695,4.4,Central,0
LN000430,A,75569.0,28082.0,0.3771,718,10.4,Central,0
LN000431,A,117291.0,52073.0,0.4678,719,6.2,Central,0
LN000432,B,28281.0,11423.0,0.4321,584,10.1,North,0
LN000433,A,55201.0,18323.0,0.3016,736,16.4,North,0
LN000434,A,35560.0,14069.0,0.431,739,2.4,Central,0
LN000435,B,52780.0,13174.0,0.2148,661,4.6,Central,0
LN000436,B,84166.0,27186.0,0.2797,824,2.7,Central,0
LN000437,A,69788.0,28835.0,0.4569,669,3.3,North,0
LN000438,B,38794.0,18499.0,0.4719,675,1.3,North,0
LN000439,A,85518.0,31759.0,0.3872,748,2.8,North,0
LN000440,A,48866.0,12836.0,0.258,587,10.5,Central,0
LN000441,A,89835.0,19559.0,0.213,718,5.0,Central,0
LN000442,B,62725.0,26797.0,0.3844,588,5.0,South,0
LN000443,A,119083.0,53043.0,0.4836,674,6.4,North,0
LN000444,A,42830.0,17745.0,0.5285,798,14.7,Central,0
LN000445,B,66083.0,9937.0,0.1919,848,11.2,North,0
LN000446,A,122136.0,77787.0,0.6355,741,8.2,North,1
LN000447,A,106314.0,34496.0,0.2846,696,10.0,North,0
LN000448,A,87984.0,34401.0,0.4217,703,6.4,South,0
LN000449,A,58734.0,6332.0,0.0481,771,17.6,South,0
LN000450,A,44544.0,15683.0,0.4025,741,4.6,South,0
LN000451,B,37943.0,11342.0,0.2732,759,12.3,Central,0
LN000452,A,113376.0,32415.0,0.3153,688,5.2,North,0
LN000453,B,99196.0,19535.0,0.1715,771,8.6,South,0
LN000454,B,80810.0,17707.0,0.1765,615,1.2,Central,0
LN000455,B,49467.0,10582.0,0.1992,795,4.0,Central,0
LN000456,A,83300.0,4000.0,0.0482,755,2.2,Central,0
LN000457,A,104361.0,21877.0,0.2737,673,14.7,South,0
LN000458,A,112955.0,33248.0,0.2393,758,8.7,Central,0
LN000459,A,58367.0,23131.0,0.3797,643,5.9,North,0
LN000460,B,52468.0,21200.0,0.4496,636,2.4,South,0
LN000461,A,87007.0,34984.0,0.4325,736,6.4,North,0
LN000462,A,92649.0,36649.0,0.4458,640,14.5,Central,0
LN000463,A,130646.0,44702.0,0.3345,585,4.9,North,0
LN000464,A,96591.0,6767.0,0.03,770,12.0,North,0
LN000465,A,71164.0,25339.0,0.2719,560,8.6,North,1
LN000466,A,128104.0,48428.0,0.4381,729,6.6,South,0
LN000467,A,76991.0,28324.0,0.2805,707,7.6,Central,1
LN000468,B,41785.0,7918.0,0.1015,623,10.7,North,0
LN000469,A,92294.0,38625.0,0.3823,828,5.1,North,0
LN000470,A,101539.0,21442.0,0.1776,648,5.1,North,1
LN000471,B,51774.0,7152.0,0.1025,595,12.2,Central,0
LN000472,B,34752.0,20983.0,0.6552,689,1.3,Central,1
LN000473,A,124977.0,13880.0,0.1123,676,6.6,Central,0
LN000474,A,78978.0,38477.0,0.4036,774,9.1,Central,0
LN000475,A,82707.0,33361.0,0.4172,719,1.1,Central,0
LN000476,A,84517.0,18466.0,0.251,740,1.4,Central,0
LN000477,A,73042.0,20707.0,0.266,722,6.6,Central,0
LN000478,B,39438.0,15742.0,0.3097,626,6.1,North,0
LN000479,B,67240.0,16336.0,0.2579,705,1.9,South,1
LN000480,A,94084.0,20213.0,0.2439,733,1.1,North,0
LN000481,A,98318.0,37967.0,0.4002,724,8.9,North,1
LN000482,A,87536.0,37675.0,0.4504,625,6.3,South,0
LN000483,B,25632.0,9923.0,0.3977,766,9.3,North,0
LN000484,B,50910.0,17195.0,0.3546,690,4.2,Central,0
LN000485,A,64593.0,19880.0,0.3507,717,0.1,North,0
LN000486,B,45631.0,17458.0,0.3021,626,6.4,Central,1
LN000487,A,60000.0,23320.0,0.341,567,3.4,Central,0
LN000488,A,100154.0,47651.0,0.4755,660,4.2,North,0
LN000489,B,77022.0,12854.0,0.1957,734,6.4,Central,0
LN000490,A,82455.0,38061.0,0.47,773,17.1,North,0
LN000491,A,79023.0,10146.0,0.1222,747,7.5,South,0
LN000492,B,42929.0,11641.0,0.2557,646,5.8,Central,0
LN000493,A,94228.0,19061.0,0.1639,654,7.0,Central,0
LN000494,B,72121.0,25551.0,0.3896,749,5.6,Central,0
LN000495,A,76243.0,28337.0,0.4515,673,5.6,Central,0
LN000496,A,91379.0,34883.0,0.3535,736,8.6,Central,0
LN000497,A,113586.0,27067.0,0.2505,757,2.3,Central,0
LN000498,B,51880.0,20394.0,0.4021,752,2.4,Central,0
LN000499,A,95105.0,43245.0,0.4785,701,2.1,North,0
LN000500,A,111442.0,43106.0,0.3555,782,10.8,Central,0
LN000501,B,51629.0,25407.0,0.474,796,4.2,Central,1
LN000502,A,90634.0,42073.0,0.395,714,3.6,North,0
LN000503,A,78047.0,23907.0,0.2941,770,3.1,North,0
LN000504,B,42544.0,12424.0,0.2458,705,12.2,North,0
LN000505,B,57798.0,22216.0,0.3434,623,3.8,Central,0
LN000506,B,64040.0,30750.0,0.4684,710,5.8,Central,0
LN000507,B,76978.0,31705.0,0.3763,783,8.6,South,0
LN000508,A,53304.0,26558.0,0.5165,788,6.0,North,0
LN000509,A,88061.0,18147.0,0.1973,705,6.0,Central,0
LN000510,B,47965.0,12339.0,0.2527,762,4.3,North,0
LN000511,A,40584.0,16604.0,0.4,692,6.7,South,0
LN000512,B,64307.0,12403.0,0.2074,779,2.2,North,0
LN000513,A,101314.0,35769.0,0.3467,753,6.2,North,0
LN000514,A,78319.0,20278.0,0.2928,812,2.2,Central,0
LN000515,B,48520.0,19747.0,0.4047,642,6.2,South,0
LN000516,B,58594.0,16348.0,0.2552,757,1.5,Central,0
LN000517,B,62605.0,19606.0,0.1885,710,6.0,Central,0
LN000518,B,71333.0,28019.0,0.3433,641,4.8,North,0
LN000519,A,84333.0,26194.0,0.2935,625,3.4,Central,0
LN000520,B,62262.0,17184.0,0.2564,656,7.8,South,0
LN000521,A,83914.0,15171.0,0.1718,737,7.9,North,0
LN000522,A,101211.0,29370.0,0.184,699,1.5,Central,0
LN000523,B,24629.0,12263.0,0.4964,638,5.7,South,0
LN000524,B,52765.0,20146.0,0.3522,656,9.5,North,0
LN000525,A,39576.0,19385.0,0.4669,822,8.5,North,0
LN000526,A,88900.0,36652.0,0.4415,708,4.4,Central,0
LN000527,A,118833.0,41200.0,0.2711,780,1.9,Central,0
LN000528,B,121146.0,42438.0,0.3363,614,10.6,Central,0
LN000529,B,108906.0,37448.0,0.3275,608,5.5,South,0
LN000530,A,91833.0,37031.0,0.3884,754,5.6,South,0
LN000531,A,74206.0,17859.0,0.2041,703,4.7,North,0
LN000532,B,81113.0,42979.0,0.4767,709,8.6,North,1
LN000533,A,82987.0,21984.0,0.2448,485,1.9,North,0
LN000534,A,82475.0,26149.0,0.3513,627,6.2,South,0
LN000535,A,45373.0,13131.0,0.2724,783,5.1,South,0
LN000536,A,100403.0,18344.0,0.1525,656,5.0,North,0
LN000537,A,47799.0,19080.0,0.3813,635,7.5,South,0
LN000538,B,46339.0,18921.0,0.3891,733,3.9,South,0
LN000539,B,50563.0,18814.0,0.3466,677,6.2,South,1
LN000540,B,76649.0,23153.0,0.3433,618,2.0,North,0
LN000541,A,52793.0,16287.0,0.4041,671,6.7,Central,0
LN000542,A,76425.0,30002.0,0.4487,642,5.0,North,0
LN000543,A,68814.0,20329.0,0.2691,698,12.6,North,0
LN000544,A,88849.0,38207.0,0.4722,695,5.9,Central,0
LN000545,A,84154.0,26610.0,0.3279,694,2.7,North,0
LN000546,A,109393.0,34585.0,0.34,713,5.0,North,0
LN000547,A,90374.0,4275.0,0.1169,741,7.5,North,1
LN000548,A,80075.0,24605.0,0.3491,756,6.3,Central,0
LN000549,A,51492.0,13129.0,0.1606,653,11.8,North,0
LN000550,A,109090.0,32765.0,0.3346,743,10.0,Central,0
LN000551,B,46005.0,18934.0,0.4406,638,1.8,Central,0
LN000552,B,69259.0,5881.0,0.1512,627,5.5,Central,1
LN000553,A,77143.0,37703.0,0.4747,720,9.9,South,0
LN000554,B,56892.0,14471.0,0.3583,564,13.7,South,0
LN000555,B,70893.0,32913.0,0.4909,684,10.7,North,0
LN000556,A,93540.0,32279.0,0.3804,850,15.6,North,0
LN000557,A,107924.0,21815.0,0.2319,697,5.2,Central,0
LN000558,A,74789.0,8934.0,0.0819,732,8.2,North,0
LN000559,A,31743.0,15261.0,0.4427,736,3.4,Central,0
LN000560,A,74245.0,12006.0,0.2053,825,4.0,North,0
LN000561,A,86228.0,36193.0,0.4651,786,19.2,South,0
LN000562,B,36571.0,8705.0,0.2448,656,8.3,North,0
LN000563,B,66267.0,16716.0,0.237,590,10.0,North,0
LN000564,A,102378.0,27349.0,0.3213,680,7.3,North,0
LN000565,A,111105.0,59608.0,0.5022,710,13.1,North,0
LN000566,A,131739.0,20782.0,0.2257,704,3.7,South,0
LN000567,A,38858.0,19799.0,0.475,722,2.9,North,0
LN000568,A,85461.0,38218.0,0.4428,701,5.3,Central,0
LN000569,A,102127.0,48286.0,0.4629,687,4.0,Central,0
LN000570,A,73712.0,7000.0,0.0744,833,6.7,South,0
LN000571,B,54126.0,14596.0,0.2955,643,7.7,South,0
LN000572,A,76166.0,21261.0,0.3293,699,11.6,Central,0
LN000573,A,93187.0,49110.0,0.4866,716,18.0,North,0
LN000574,B,66755.0,12349.0,0.2067,829,5.1,Central,0
LN000575,B,48930.0,26548.0,0.5361,692,9.3,North,0
LN000576,B,22000.0,5708.0,0.2161,845,23.8,North,0
LN000577,A,72269.0,34052.0,0.513,760,2.6,North,0
LN000578,A,90371.0,57031.0,0.6662,777,6.8,Central,0
LN000579,A,93323.0,42209.0,0.4118,640,9.0,Central,0
LN000580,A,102282.0,13598.0,0.166,660,4.6,South,0
LN000581,B,45883.0,15683.0,0.4053,745,6.8,Central,0
LN000582,A,90773.0,21787.0,0.2486,722,10.2,North,0
LN000583,A,85868.0,4251.0,0.03,703,6.8,North,0
LN000584,A,98498.0,29280.0,0.2975,719,3.8,North,1
LN000585,A,121799.0,55961.0,0.4306,746,2.4,Central,0
LN000586,A,141099.0,52487.0,0.3207,790,13.5,South,0
LN000587,B,71118.0,19870.0,0.3099,628,3.8,South,0
LN000588,A,97398.0,35952.0,0.3323,691,3.7,Central,0
LN000589,A,109665.0,27026.0,0.25,720,4.1,Central,0
LN000590,A,63463.0,23033.0,0.362,739,5.4,Central,0
LN000591,B,32804.0,7814.0,0.2928,734,5.5,South,0
LN000592,A,70078.0,15023.0,0.187,757,2.2,Central,0
LN000593,A,113269.0,40958.0,0.3987,642,10.2,Central,0
LN000594,A,86399.0,37880.0,0.4866,706,5.7,Central,0
LN000595,A,127442.0,51496.0,0.4263,708,11.8,Central,0
LN000596,A,75766.0,32762.0,0.4776,713,7.6,South,0
LN000597,A,66786.0,30250.0,0.4355,647,13.9,North,0
LN000598,A,91638.0,41097.0,0.476,661,4.1,Central,0
LN000599,B,50342.0,11397.0,0.2393,698,3.3,Central,0
LN000600,A,116397.0,55374.0,0.5177,721,3.1,North,0
LN000601,A,94810.0,32834.0,0.3003,740,9.4,Central,1
LN000602,B,44524.0,23401.0,0.5333,582,3.9,South,0
LN000603,A,77932.0,30934.0,0.4163,700,4.9,Central,0
LN000604,A,118752.0,26089.0,0.2174,650,4.5,Central,0
LN000605,A,114372.0,23156.0,0.1612,595,12.3,North,0
LN000606,B,43374.0,19556.0,0.4823,645,7.3,North,0
LN000607,A,90214.0,20559.0,0.1924,688,7.8,Central,0
LN000608,A,80018.0,11399.0,0.1746,778,6.4,South,0
LN000609,A,89285.0,49422.0,0.5493,770,5.1,Central,0
LN000610,A,94338.0,36307.0,0.4508,841,11.6,North,0
LN000611,A,70563.0,31150.0,0.5356,694,9.3,North,1
LN000612,B,79386.0,26788.0,0.3285,597,3.6,South,0
LN000613,A,22000.0,5048.0,0.2582,735,6.2,North,0
LN000614,A,109886.0,51914.0,0.5288,643,1.4,North,0
LN000615,B,44551.0,16224.0,0.2675,517,9.3,North,0
LN000616,B,59809.0,9080.0,0.1557,640,5.4,South,1
LN000617,B,40730.0,17025.0,0.4306,551,10.6,North,0
LN000618,A,81565.0,25358.0,0.3826,677,16.0,Central,0
LN000619,A,77806.0,9264.0,0.0406,770,11.7,North,0
LN000620,B,43232.0,8339.0,0.1894,653,15.9,South,0
LN000621,A,87052.0,27135.0,0.3132,747,5.5,South,0
LN000622,A,31372.0,7185.0,0.2627,769,12.8,North,0
LN000623,A,39413.0,18917.0,0.4921,660,2.2,North,0
LN000624,B,56456.0,19472.0,0.3757,628,2.1,Central,1
LN000625,B,34796.0,14144.0,0.4304,700,1.3,South,0
LN000626,A,113563.0,38644.0,0.3581,726,12.0,North,0
LN000627,A,105194.0,16549.0,0.125,730,8.3,South,0
LN000628,A,51418.0,19370.0,0.3481,755,3.7,North,0
LN000629,B,75919.0,27694.0,0.4273,612,5.1,Central,0
LN000630,B,77194.0,33811.0,0.4071,777,13.3,South,0
LN000631,B,72950.0,25817.0,0.3344,588,15.0,South,0
LN000632,A,69879.0,26130.0,0.3928,663,9.3,North,0
LN000633,B,56351.0,12472.0,0.2031,604,8.4,North,0
LN000634,A,77588.0,31722.0,0.3588,639,3.5,South,0
LN000635,B,25320.0,7004.0,0.2976,543,3.8,North,1
LN000636,A,133471.0,51399.0,0.3485,762,1.4,North,0
LN000637,B,56313.0,23577.0,0.4132,636,12.2,North,0
LN000638,A,46628.0,17661.0,0.4189,714,7.0,North,0
LN000639,B,56268.0,13989.0,0.2107,616,4.2,Central,0
LN000640,B,37301.0,12914.0,0.3704,618,7.4,Central,1
LN000641,B,74512.0,21753.0,0.2929,692,3.7,Central,0
LN000642,A,56149.0,9826.0,0.1425,766,3.3,North,0
LN000643,A,106676.0,39256.0,0.3867,656,5.9,South,0
LN000644,A,70929.0,19614.0,0.2931,706,5.2,South,0
LN000645,A,53869.0,9789.0,0.1318,644,10.9,Central,0
LN000646,A,89188.0,25521.0,0.2585,805,4.7,North,0
LN000647,A,35178.0,7324.0,0.2283,751,6.5,North,0
LN000648,A,114324.0,43831.0,0.357,643,3.1,North,0
LN000649,A,84184.0,37187.0,0.4867,630,2.4,North,0
LN000650,A,107917.0,25536.0,0.1887,841,7.1,Central,0
LN000651,A,134855.0,13779.0,0.039,752,2.2,South,0
LN000652,A,83071.0,24435.0,0.3472,674,16.6,Central,0
LN000653,A,66027.0,10025.0,0.1336,638,2.7,North,0
LN000654,B,92618.0,41563.0,0.4966,714,1.6,Central,0
LN000655,A,102598.0,25409.0,0.2504,638,2.4,Central,0
LN000656,A,61741.0,29896.0,0.5151,608,3.7,North,0
LN000657,A,101311.0,15261.0,0.1755,765,2.4,Central,0
LN000658,A,120521.0,41367.0,0.3652,644,1.1,North,1
LN000659,A,89642.0,18792.0,0.2683,654,4.7,Central,0
LN000660,A,60047.0,9854.0,0.1519,566,5.2,Central,0
LN000661,B,52073.0,25401.0,0.3973,722,8.7,Central,0
LN000662,A,83139.0,23945.0,0.2802,713,5.2,Central,0
LN000663,B,35412.0,13531.0,0.3788,675,10.4,South,0
LN000664,B,78079.0,21576.0,0.3089,602,8.9,South,0
LN000665,A,101100.0,26570.0,0.1964,635,7.1,Central,0
LN000666,A,76154.0,19294.0,0.2536,633,14.2,Central,0
LN000667,B,78664.0,29842.0,0.3606,746,10.7,Central,0
LN000668,A,56626.0,15553.0,0.3108,620,5.7,North,0
LN000669,A,113177.0,44867.0,0.4473,620,1.5,Central,0
LN000670,A,87531.0,12669.0,0.1861,730,5.2,Central,0
LN000671,A,75870.0,11184.0,0.1396,807,4.0,North,0
LN000672,B,50021.0,20955.0,0.4302,676,10.6,North,0
LN000673,A,99316.0,31912.0,0.264,625,3.7,Central,1
LN000674,A,69351.0,4000.0,0.0507,847,6.9,North,0
LN000675,A,83976.0,16462.0,0.1036,850,3.4,North,1
LN000676,A,83204.0,33500.0,0.3571,725,4.6,North,0
LN000677,B,82033.0,36755.0,0.5107,725,9.1,South,0
LN000678,A,108150.0,26342.0,0.2786,726,1.7,Central,0
LN000679,A,96153.0,29487.0,0.3075,574,3.9,North,0
LN000680,B,82721.0,28559.0,0.2638,712,4.8,Central,0
LN000681,A,104711.0,38409.0,0.3032,634,5.1,South,0
LN000682,A,116510.0,47841.0,0.432,758,3.6,North,0
LN000683,A,117271.0,60060.0,0.5904,690,10.8,South,0
LN000684,B,88022.0,20799.0,0.1898,637,3.8,North,1
LN000685,A,97387.0,23389.0,0.2007,693,4.0,Central,0
LN000686,A,120468.0,50785.0,0.3945,657,3.4,Central,0
LN000687,B,81921.0,28464.0,0.3594,670,13.1,North,0
LN000688,B,105009.0,44032.0,0.4248,807,9.3,Central,1
LN000689,A,81190.0,37986.0,0.417,719,4.5,North,0
LN000690,A,82012.0,14578.0,0.1578,572,17.6,North,0
LN000691,B,60784.0,12627.0,0.1456,824,1.9,North,0
LN000692,A,73894.0,29112.0,0.3871,664,1.9,North,0
LN000693,A,86907.0,21008.0,0.2448,657,4.6,North,0
LN000694,B,65741.0,27625.0,0.3895,672,5.9,North,0
LN000695,A,126137.0,54271.0,0.4674,718,10.0,Central,0
LN000696,A,55642.0,18704.0,0.3008,714,8.9,North,0
LN000697,A,121605.0,66661.0,0.5257,676,1.4,North,0
LN000698,A,75917.0,30265.0,0.403,717,25.8,North,0
LN000699,A,113011.0,52881.0,0.4858,616,6.9,North,1
LN000700,A,70225.0,21549.0,0.3232,661,2.9,North,0
LN000701,B,59874.0,16487.0,0.3321,731,2.2,North,0
LN000702,A,79427.0,24320.0,0.3156,763,10.4,Central,0
LN000703,A,128550.0,16748.0,0.1801,717,17.3,South,1
LN000704,A,97146.0,27870.0,0.3121,833,15.1,South,0
LN000705,A,97657.0,21943.0,0.271,665,6.2,North,0
LN000706,A,43161.0,8672.0,0.1905,658,11.6,Central,0
LN000707,B,78586.0,24372.0,0.2591,663,23.7,North,0
LN000708,A,69907.0,9628.0,0.168,730,2.2,Central,0
LN000709,B,92015.0,22148.0,0.2276,637,8.9,Central,0
LN000710,A,99233.0,43862.0,0.4332,646,4.1,North,0
LN000711,A,98851.0,32510.0,0.2863,754,6.7,Central,0
LN000712,A,100083.0,30615.0,0.3002,710,2.8,South,0
LN000713,A,78185.0,27905.0,0.3662,676,17.0,South,0
LN000714,A,122556.0,34294.0,0.3522,617,6.9,North,0
LN000715,B,48834.0,26384.0,0.523,616,6.5,North,1
LN000716,B,53565.0,10788.0,0.2084,675,8.5,North,0
LN000717,A,119039.0,49020.0,0.3755,701,5.9,North,0
LN000718,B,74606.0,37460.0,0.501,546,11.2,South,1
LN000719,A,77639.0,34820.0,0.4446,658,19.9,Central,0
LN000720,A,103605.0,39885.0,0.3736,732,5.2,North,0
LN000721,A,51991.0,19352.0,0.3662,753,10.7,Central,0
LN000722,A,85814.0,27846.0,0.3245,657,9.0,Central,0
LN000723,A,93577.0,52369.0,0.5006,695,9.9,South,0
LN000724,B,72869.0,31702.0,0.3999,595,9.9,South,0
LN000725,A,98054.0,25254.0,0.2424,768,2.6,South,0
LN000726,B,71398.0,18058.0,0.2929,672,2.9,North,0
LN000727,B,72570.0,18850.0,0.1615,834,4.6,South,0
LN000728,B,84726.0,21078.0,0.1774,650,4.9,Central,0
LN000729,A,98289.0,50913.0,0.495,762,3.9,South,0
LN000730,A,42920.0,8770.0,0.1363,850,7.7,South,0
LN000731,A,54396.0,6945.0,0.0876,728,1.1,Central,0
LN000732,A,65959.0,17129.0,0.256,715,1.9,South,0
LN000733,A,55513.0,15503.0,0.2416,743,4.4,Central,0
LN000734,B,81587.0,25601.0,0.321,640,2.3,North,0
LN000735,A,94178.0,36331.0,0.3896,646,15.3,Central,0
LN000736,A,44946.0,12346.0,0.3278,686,5.9,North,0
LN000737,A,86975.0,14111.0,0.1478,766,5.0,Central,0
LN000738,A,76334.0,25242.0,0.2624,801,10.2,Central,0
LN000739,B,39566.0,26558.0,0.6504,590,11.0,North,0
LN000740,A,117363.0,49509.0,0.3822,672,6.5,North,0
LN000741,B,59402.0,24046.0,0.4098,689,14.8,North,0
LN000742,A,89139.0,35984.0,0.3517,630,2.2,South,0
LN000743,A,69778.0,8165.0,0.1553,606,10.2,Central,0
LN000744,A,73019.0,17427.0,0.1876,594,10.2,North,0
LN000745,A,71731.0,19396.0,0.2763,734,9.9,Central,0
LN000746,A,97978.0,50110.0,0.4834,716,4.5,North,0
LN000747,A,89039.0,12664.0,0.1813,771,10.2,Central,0
LN000748,A,83575.0,41568.0,0.4533,736,6.1,North,0
LN000749,A,97619.0,33807.0,0.3096,615,10.5,North,0
LN000750,A,102890.0,44346.0,0.429,741,8.1,South,0
LN000751,B,48833.0,15782.0,0.3609,601,6.1,North,0
LN000752,B,50813.0,11449.0,0.3062,563,8.9,North,0
LN000753,A,80754.0,23587.0,0.3222,720,6.5,Central,0
LN000754,A,85033.0,34282.0,0.4074,831,16.7,South,0
LN000755,A,91659.0,21216.0,0.2576,757,13.1,North,0
LN000756,A,56610.0,9646.0,0.2076,665,9.3,Central,0
LN000757,B,63622.0,9142.0,0.1342,616,9.8,South,0
LN000758,A,101092.0,25859.0,0.213,778,8.4,North,0
LN000759,A,83107.0,43166.0,0.472,699,10.5,Central,0
LN000760,B,61508.0,11678.0,0.1637,649,2.5,Central,0
LN000761,B,76907.0,21241.0,0.2318,583,9.1,South,0
LN000762,A,62687.0,13323.0,0.2191,713,10.7,Central,0
LN000763,B,54113.0,21951.0,0.4226,765,8.0,North,0
LN000764,A,60481.0,5391.0,0.0329,732,5.1,North,0
LN000765,A,82484.0,37377.0,0.4518,685,3.8,North,0
LN000766,A,69940.0,25387.0,0.3387,734,6.0,North,0
LN000767,A,60266.0,21107.0,0.3082,700,2.9,Central,0
LN000768,A,91598.0,20100.0,0.2389,604,14.2,North,1
LN000769,A,65749.0,16728.0,0.3228,692,5.2,Central,0
LN000770,A,64196.0,38361.0,0.5748,714,2.7,North,0
LN000771,A,65463.0,16782.0,0.2672,617,4.8,North,0
LN000772,B,63657.0,14225.0,0.202,604,6.4,North,0
LN000773,A,85376.0,28839.0,0.3478,765,3.0,North,0
LN000774,A,93393.0,54749.0,0.6053,723,3.8,Central,1
LN000775,A,78655.0,19325.0,0.2873,775,8.3,North,0
LN000776,B,91254.0,20963.0,0.2562,724,1.8,South,0
LN000777,A,84170.0,36989.0,0.3984,820,14.8,Central,0
LN000778,B,34964.0,17698.0,0.5475,674,2.6,Central,0
LN000779,A,86721.0,4000.0,0.0757,703,17.9,Central,0
LN000780,B,59218.0,14527.0,0.2419,527,8.1,North,0
LN000781,A,65533.0,28883.0,0.454,756,10.7,North,0
LN000782,A,74851.0,26930.0,0.4061,710,7.6,Central,0
LN000783,B,62548.0,20496.0,0.3222,710,7.0,South,0
LN000784,A,114371.0,4000.0,0.0692,697,3.1,Central,0
LN000785,B,92160.0,17949.0,0.1253,802,3.6,Central,0
LN000786,A,109470.0,28402.0,0.2819,760,1.5,North,1
LN000787,B,50512.0,4000.0,0.1,592,7.2,South,0
LN000788,A,106830.0,12609.0,0.1212,698,4.3,Central,0
LN000789,A,112013.0,22104.0,0.1864,672,11.5,South,0
LN000790,A,73122.0,15003.0,0.1867,747,4.8,Central,0
LN000791,B,79826.0,26220.0,0.3638,586,10.6,North,0
LN000792,B,57668.0,22223.0,0.3927,661,9.2,North,0
LN000793,B,50093.0,10659.0,0.1757,624,4.6,Central,0
LN000794,B,85532.0,21875.0,0.1967,766,1.6,South,0
LN000795,A,102862.0,39283.0,0.3866,743,10.3,North,0
LN000796,A,54488.0,20937.0,0.4204,665,2.0,South,1
LN000797,B,73638.0,23485.0,0.3542,614,27.9,South,0
LN000798,B,55185.0,13198.0,0.2186,747,0.9,Central,0
LN000799,B,64492.0,35313.0,0.5051,563,2.2,South,0
LN000800,A,112345.0,23191.0,0.2856,718,4.6,North,0
LN000801,A,95652.0,26281.0,0.3191,732,0.4,North,0
LN000802,A,62211.0,15360.0,0.2448,639,6.0,South,0
LN000803,A,106480.0,43634.0,0.3648,676,2.6,South,0
LN000804,A,95341.0,47798.0,0.5393,640,9.6,Central,0
LN000805,B,22000.0,10601.0,0.5582,590,15.8,Central,0
LN000806,A,90015.0,14467.0,0.1199,741,1.7,South,0
LN000807,A,124057.0,21670.0,0.1686,725,3.2,South,1
LN000808,B,72370.0,23912.0,0.311,566,4.2,Central,0
LN000809,A,97306.0,34706.0,0.3757,707,8.2,South,1
LN000810,B,95770.0,24297.0,0.2366,682,12.8,Central,0
LN000811,A,114601.0,27223.0,0.1738,682,7.1,Central,0
LN000812,B,54460.0,16442.0,0.2804,741,10.4,North,0
LN000813,A,69350.0,32035.0,0.4547,702,2.5,Central,0
LN000814,A,105773.0,44891.0,0.519,764,8.6,Central,0
LN000815,A,74258.0,6199.0,0.0757,728,5.3,North,0
LN000816,A,62866.0,20636.0,0.3397,625,5.9,Central,0
LN000817,B,84802.0,36141.0,0.439,710,7.3,Central,0
LN000818,A,79684.0,21588.0,0.323,745,5.8,South,0
LN000819,A,95640.0,19267.0,0.2533,624,9.4,Central,0
LN000820,A,87439.0,39186.0,0.4748,736,7.9,Central,1
LN000821,B,29213.0,9426.0,0.345,655,2.9,South,0
LN000822,A,74442.0,21467.0,0.3689,706,13.3,Central,0
LN000823,A,124160.0,21024.0,0.2361,714,3.9,North,0
LN000824,A,47331.0,6750.0,0.1777,715,3.7,North,0
LN000825,B,43708.0,12182.0,0.2735,670,0.9,Central,0
LN000826,B,38192.0,16572.0,0.4437,568,20.1,North,0
LN000827,B,49778.0,19318.0,0.5033,682,2.6,South,0
LN000828,B,38680.0,8383.0,0.2421,708,5.6,Central,0
LN000829,A,86217.0,46672.0,0.5226,750,5.5,Central,0
LN000830,A,51369.0,6911.0,0.1394,632,6.3,North,0
LN000831,A,77946.0,9332.0,0.1482,693,2.8,North,0
LN000832,A,92240.0,30242.0,0.3749,739,2.0,North,0
LN000833,A,111814.0,50521.0,0.5268,828,1.7,Central,0
LN000834,A,50008.0,20937.0,0.4175,687,14.5,North,0
LN000835,B,22000.0,8786.0,0.4661,694,11.3,Central,0
LN000836,A,64174.0,10335.0,0.1747,666,8.2,South,0
LN000837,A,52400.0,21929.0,0.3646,782,6.4,North,0
LN000838,B,43720.0,12732.0,0.3056,736,14.5,North,0
LN000839,A,68524.0,17740.0,0.2392,624,15.2,Central,0
LN000840,A,111844.0,40912.0,0.3914,767,7.3,North,1
LN000841,B,58575.0,13082.0,0.2691,619,16.1,South,0
LN000842,A,116295.0,48011.0,0.3793,667,8.8,Central,0
LN000843,B,50099.0,8726.0,0.1529,751,9.9,South,0
LN000844,A,40417.0,7690.0,0.2095,771,5.2,South,0
LN000845,A,60185.0,25559.0,0.433,697,5.8,North,0
LN000846,A,89600.0,26469.0,0.2867,770,5.2,Central,0
LN000847,B,22000.0,4059.0,0.2105,752,1.9,South,0
LN000848,A,96645.0,25256.0,0.282,603,8.8,North,0
LN000849,A,65239.0,12847.0,0.1826,787,5.3,South,0
LN000850,A,129151.0,60897.0,0.4897,610,18.3,Central,0
LN000851,A,62845.0,4000.0,0.0676,712,2.0,South,0
LN000852,A,100443.0,43146.0,0.5083,624,5.6,North,0
LN000853,A,90589.0,16117.0,0.1745,759,8.1,North,0
LN000854,B,65210.0,21778.0,0.3572,719,5.3,Central,0
LN000855,A,92045.0,31074.0,0.2815,710,13.3,North,0
LN000856,A,49211.0,12293.0,0.3217,670,9.2,Central,0
LN000857,A,87764.0,30941.0,0.3817,722,16.7,Central,0
LN000858,A,82678.0,15429.0,0.132,838,13.1,South,0
LN000859,A,92647.0,39944.0,0.3911,750,6.5,North,0
LN000860,B,40130.0,18170.0,0.4435,712,1.4,North,0
LN000861,B,71460.0,27014.0,0.3921,672,6.5,North,0
LN000862,A,113864.0,28123.0,0.2118,737,3.8,Central,0
LN000863,A,96809.0,33103.0,0.3314,762,3.5,North,0
LN000864,A,55331.0,19364.0,0.2783,658,1.4,Central,0
LN000865,B,46466.0,10561.0,0.1794,673,0.8,North,0
LN000866,A,64254.0,24384.0,0.3503,707,8.9,Central,0
LN000867,A,105475.0,45132.0,0.4502,688,4.8,North,0
LN000868,A,80666.0,30992.0,0.3203,654,10.4,North,0
LN000869,A,77940.0,29668.0,0.3966,636,6.9,Central,0
LN000870,A,85974.0,13147.0,0.199,643,1.5,Central,0
LN000871,B,58270.0,20851.0,0.343,692,3.0,Central,0
LN000872,A,125375.0,60585.0,0.5191,753,8.2,Central,0
LN000873,B,83005.0,19346.0,0.256,683,8.6,North,0
LN000874,A,60927.0,25954.0,0.4225,674,5.8,Central,0
LN000875,A,93683.0,41448.0,0.441,640,3.1,Central,0
LN000876,A,122400.0,50119.0,0.3542,774,9.4,North,0
LN000877,A,76377.0,23676.0,0.3066,675,18.7,Central,0
LN000878,A,116069.0,24245.0,0.2182,830,6.0,North,0
LN000879,A,93859.0,45755.0,0.5635,595,3.2,North,0
LN000880,A,59371.0,20741.0,0.3463,695,6.0,South,0
LN000881,A,97669.0,4000.0,0.0699,771,14.6,Central,0
LN000882,B,57838.0,11231.0,0.1403,674,6.7,Central,0
LN000883,A,86865.0,30771.0,0.2682,751,4.0,North,0
LN000884,A,116768.0,43327.0,0.3423,665,12.3,North,0
LN000885,A,52257.0,19175.0,0.3242,597,9.4,Central,0
LN000886,B,54481.0,12936.0,0.2513,686,1.0,North,0
LN000887,A,94160.0,38358.0,0.3976,687,11.4,North,0
LN000888,A,101075.0,32403.0,0.2901,729,7.3,North,0
LN000889,A,91711.0,43059.0,0.379,744,1.5,North,0
LN000890,A,80460.0,19016.0,0.2113,608,1.3,North,1
LN000891,A,92462.0,15844.0,0.1016,672,4.3,South,0
LN000892,A,123342.0,29425.0,0.2594,629,3.6,South,0
LN000893,A,88010.0,30431.0,0.3394,719,2.2,South,0
LN000894,A,77221.0,27543.0,0.3822,792,6.0,North,0
LN000895,B,91881.0,36822.0,0.4422,653,3.4,North,0
LN000896,B,49831.0,19101.0,0.4545,684,5.0,North,1
LN000897,B,49091.0,26712.0,0.5471,693,3.4,Central,0
LN000898,B,89250.0,30252.0,0.2687,742,7.7,South,0
LN000899,A,66775.0,36181.0,0.5277,628,2.4,North,0
LN000900,A,49681.0,19111.0,0.3643,717,12.4,South,0
LN000901,A,58506.0,25259.0,0.4649,683,5.0,North,0
LN000902,A,119038.0,19228.0,0.1748,666,7.9,North,0
LN000903,A,83079.0,30235.0,0.3671,756,0.5,North,0
LN000904,A,84701.0,34963.0,0.3129,602,12.1,North,0
LN000905,B,49195.0,21333.0,0.3901,613,1.1,South,0
LN000906,A,110145.0,33571.0,0.3349,684,4.6,South,0
LN000907,B,53204.0,22876.0,0.4413,550,4.5,Central,0
LN000908,A,90292.0,38218.0,0.4086,681,10.3,North,0
LN000909,B,67517.0,25135.0,0.3457,604,1.3,North,0
LN000910,A,71373.0,38800.0,0.5088,685,13.7,South,1
LN000911,B,72402.0,9617.0,0.1164,637,5.4,North,0
LN000912,A,104929.0,29214.0,0.2418,784,13.9,Central,0
LN000913,A,108465.0,22653.0,0.2972,711,6.9,North,0
LN000914,A,93169.0,27546.0,0.3596,620,4.5,South,0
LN000915,A,71834.0,33341.0,0.4069,685,6.3,South,0
LN000916,A,67619.0,21823.0,0.4218,771,5.4,North,0
LN000917,A,64654.0,10477.0,0.1669,624,1.5,South,0
LN000918,B,46296.0,10534.0,0.2614,685,3.9,North,0
LN000919,A,61770.0,14607.0,0.1919,713,10.3,Central,0
LN000920,A,82085.0,41583.0,0.4655,757,19.3,North,0
LN000921,A,90734.0,33455.0,0.4024,675,3.6,North,1
LN000922,B,51737.0,11888.0,0.1867,710,2.9,South,0
LN000923,A,82973.0,29974.0,0.28,640,6.8,South,0
LN000924,B,56269.0,18276.0,0.2488,706,10.4,Central,0
LN000925,A,92369.0,29072.0,0.3996,671,3.6,Central,1
LN000926,A,59841.0,12897.0,0.1524,708,6.3,North,1
LN000927,A,94978.0,47023.0,0.4873,673,20.7,North,0
LN000928,A,128912.0,45272.0,0.3432,718,5.4,North,0
LN000929,A,110635.0,44723.0,0.3848,727,1.0,North,0
LN000930,A,60798.0,17927.0,0.3256,614,8.6,North,0
LN000931,A,66983.0,16689.0,0.1861,756,2.5,North,0
LN000932,A,138234.0,64272.0,0.4635,668,2.7,South,0
LN000933,A,88699.0,21960.0,0.1749,763,9.4,Central,0
LN000934,B,82328.0,12485.0,0.1351,820,4.9,Central,0
LN000935,A,74252.0,25789.0,0.363,810,2.9,North,0
LN000936,A,90788.0,26981.0,0.2658,682,2.1,North,0
LN000937,A,135318.0,44403.0,0.2812,700,0.9,North,0
LN000938,A,57523.0,18378.0,0.3532,765,3.6,Central,0
LN000939,A,60700.0,37525.0,0.6864,656,18.3,North,1
LN000940,A,96284.0,40797.0,0.4107,752,12.6,Central,0
LN000941,B,36161.0,16749.0,0.439,597,4.3,North,0
LN000942,B,56032.0,21509.0,0.3828,617,11.9,Central,0
LN000943,A,79102.0,19159.0,0.3076,748,23.3,South,0
LN000944,B,66771.0,7354.0,0.1367,691,4.7,North,0
LN000945,B,48082.0,23803.0,0.5135,675,10.3,North,0
LN000946,A,54740.0,8947.0,0.2267,754,5.9,Central,0
LN000947,A,94154.0,46296.0,0.4431,653,3.0,South,0
LN000948,B,37172.0,6079.0,0.1294,621,4.8,South,0
LN000949,A,35489.0,13097.0,0.3224,744,20.1,Central,0
LN000950,A,92704.0,22222.0,0.1623,603,2.5,Central,0
LN000951,A,117478.0,39989.0,0.3473,745,4.9,South,0
LN000952,A,59154.0,4000.0,0.1417,774,10.5,North,0
LN000953,A,90146.0,19072.0,0.2316,762,7.4,South,0
LN000954,B,63177.0,16457.0,0.2579,624,2.5,South,1
LN000955,A,48445.0,9350.0,0.1412,774,2.9,Central,0
LN000956,A,112765.0,66056.0,0.642,638,11.1,North,0
LN000957,A,41504.0,13527.0,0.3475,750,10.6,Central,0
LN000958,B,37405.0,11945.0,0.2477,626,12.1,North,0
LN000959,B,72434.0,18217.0,0.2661,723,13.7,Central,0
LN000960,B,77242.0,12364.0,0.139,751,6.4,North,0
LN000961,A,90723.0,48990.0,0.5488,749,2.3,North,0
LN000962,B,63373.0,17308.0,0.2641,504,3.1,North,1
LN000963,A,79274.0,38889.0,0.5104,699,13.0,Central,0
LN000964,B,77115.0,39828.0,0.4707,667,5.9,Central,0
LN000965,B,42444.0,9723.0,0.1803,588,4.1,Central,0
LN000966,A,131472.0,36785.0,0.3178,802,17.9,Central,0
LN000967,B,99286.0,34014.0,0.3503,598,6.1,South,0
LN000968,A,93715.0,34301.0,0.2913,601,2.2,South,0
LN000969,A,64956.0,18547.0,0.2648,759,7.6,North,0
LN000970,B,67656.0,11408.0,0.2577,637,10.6,Central,0
LN000971,A,92545.0,29840.0,0.2746,751,2.2,Central,0
LN000972,A,84696.0,20043.0,0.2619,810,14.7,North,0
LN000973,B,51323.0,14560.0,0.2929,596,11.6,Central,1
LN000974,A,70228.0,24970.0,0.3394,802,3.5,South,0
LN000975,A,106254.0,40518.0,0.3766,778,1.6,North,0
LN000976,A,90605.0,34237.0,0.3916,597,17.2,South,0
LN000977,B,71205.0,15816.0,0.2206,662,6.1,Central,0
LN000978,B,70726.0,39025.0,0.5879,753,7.3,Central,0
LN000979,B,91114.0,39899.0,0.4359,520,6.4,Central,0
LN000980,B,59145.0,13774.0,0.2416,530,8.1,North,1
LN000981,A,62876.0,17033.0,0.2013,716,4.3,Central,0
LN000982,B,50297.0,25792.0,0.5206,576,5.3,Central,1
LN000983,A,85408.0,25133.0,0.2346,711,5.8,Central,0
LN000984,B,63985.0,36475.0,0.5776,624,12.1,Central,0
LN000985,A,52365.0,27890.0,0.5351,686,11.1,Central,0
LN000986,B,67896.0,19724.0,0.3334,732,15.1,South,0
LN000987,A,65069.0,14325.0,0.1945,690,4.8,North,0
LN000988,A,55228.0,16500.0,0.3133,737,7.4,North,0
LN000989,A,97056.0,31129.0,0.3491,663,3.8,Central,0
LN000990,B,30903.0,14869.0,0.4302,704,2.8,South,0
LN000991,A,107865.0,29403.0,0.2382,825,2.6,North,0
LN000992,A,99989.0,26669.0,0.3471,778,1.8,Central,0
LN000993,A,72147.0,7843.0,0.1477,671,4.4,Central,0
LN000994,B,63868.0,29396.0,0.4635,674,5.8,South,1
LN000995,B,51869.0,17657.0,0.3393,667,4.5,Central,0
LN000996,A,71498.0,5699.0,0.0499,773,0.7,South,0
LN000997,A,47753.0,19631.0,0.451,592,8.0,South,0
LN000998,A,41505.0,15409.0,0.3615,756,5.0,North,0
LN000999,A,38049.0,9978.0,0.3201,727,7.1,South,0
LN001000,B,77514.0,24427.0,0.273,801,12.7,North,0
LN001001,A,117110.0,51100.0,0.4984,669,5.7,Central,1
LN001002,A,89765.0,42849.0,0.4815,791,5.4,North,0
LN001003,A,49652.0,19175.0,0.4737,719,7.9,Central,0
LN001004,A,134514.0,28968.0,0.1447,754,6.1,Central,0
LN001005,B,92848.0,10680.0,0.0468,655,5.5,North,0
LN001006,A,42087.0,9520.0,0.2491,798,1.8,South,0
LN001007,A,90987.0,26180.0,0.2544,648,6.2,South,0
LN001008,A,97532.0,65705.0,0.6648,663,9.2,North,0
LN001009,B,76898.0,26550.0,0.2979,717,5.8,South,0
LN001010,A,89562.0,24665.0,0.2964,735,10.0,Central,0
LN001011,A,58494.0,8662.0,0.1644,690,2.5,Central,0
LN001012,B,100233.0,53194.0,0.5419,669,0.9,Central,0
LN001013,A,111340.0,4433.0,0.0413,668,7.6,North,0
LN001014,A,86417.0,22288.0,0.2269,704,4.9,South,0
LN001015,A,111090.0,47488.0,0.4248,730,5.2,North,0
LN001016,A,68395.0,5473.0,0.03,780,5.3,Central,0
LN001017,B,68864.0,21891.0,0.316,752,4.7,Central,0
LN001018,B,41089.0,11801.0,0.3161,642,9.7,South,0
LN001019,A,70903.0,14362.0,0.2618,819,6.1,South,0
LN001020,B,84832.0,34787.0,0.4615,683,17.0,Central,0
LN001021,B,43730.0,14571.0,0.3512,619,3.4,Central,0
LN001022,A,94048.0,28103.0,0.3116,554,4.3,Central,0
LN001023,A,108563.0,28240.0,0.2319,666,3.6,Central,0
LN001024,A,34804.0,15871.0,0.4361,789,5.9,Central,0
LN001025,A,87006.0,20399.0,0.2272,685,1.7,South,0
LN001026,A,56377.0,5743.0,0.138,711,18.9,Central,0
LN001027,A,69273.0,34010.0,0.4359,740,2.1,Central,0
LN001028,A,94984.0,51275.0,0.5033,765,4.8,Central,0
LN001029,B,67295.0,18382.0,0.2612,742,5.6,South,0
LN001030,A,84830.0,9071.0,0.1728,633,8.2,North,0
LN001031,A,125499.0,41846.0,0.3416,680,4.8,Central,0
LN001032,A,49324.0,12474.0,0.2463,761,1.2,Central,0
LN001033,A,110911.0,28399.0,0.2419,790,9.3,North,0
LN001034,A,77509.0,37048.0,0.4171,799,7.4,North,0
LN001035,B,53678.0,8723.0,0.1862,633,4.0,North,0
LN001036,B,44936.0,21065.0,0.5188,662,9.5,North,1
LN001037,A,105627.0,25237.0,0.2138,605,7.0,Central,0
LN001038,A,40429.0,11894.0,0.3522,703,1.1,South,0
LN001039,A,93876.0,36308.0,0.3224,766,3.8,South,0
LN001040,A,22000.0,4456.0,0.2165,662,1.8,Central,0
LN001041,B,49943.0,22462.0,0.4658,801,3.7,Central,1
LN001042,A,84628.0,45032.0,0.5935,651,12.5,Central,0
LN001043,A,93964.0,48377.0,0.4816,741,1.0,Central,1
LN001044,A,115285.0,54591.0,0.4692,844,2.0,Central,0
LN001045,B,45579.0,8735.0,0.2597,771,7.4,Central,0
LN001046,A,70132.0,13962.0,0.2181,602,5.1,Central,0
LN001047,A,91605.0,29305.0,0.3681,740,8.2,South,0
LN001048,A,94766.0,23314.0,0.3547,773,5.4,North,0
LN001049,A,74610.0,15748.0,0.2353,657,5.4,North,0
LN001050,A,84016.0,24940.0,0.3168,754,12.3,North,1
LN001051,A,49983.0,14073.0,0.2566,749,14.0,North,0
LN001052,B,99231.0,27007.0,0.3459,687,1.6,South,1
LN001053,A,88451.0,39557.0,0.5285,740,7.1,North,0
LN001054,A,85300.0,20921.0,0.2273,771,5.9,South,0
LN001055,B,52385.0,21674.0,0.4617,724,12.6,North,0
LN001056,A,61648.0,25606.0,0.4839,756,12.3,Central,0
LN001057,B,74598.0,29079.0,0.4185,549,6.6,South,0
LN001058,A,74089.0,6681.0,0.1493,789,1.7,North,0
LN001059,A,118586.0,53720.0,0.4291,669,6.1,Central,0
LN001060,A,85032.0,28788.0,0.3582,697,3.4,Central,0
LN001061,B,26184.0,9332.0,0.3835,660,2.6,Central,0
LN001062,A,133097.0,10601.0,0.1179,850,6.2,South,0
LN001063,A,87231.0,16836.0,0.2087,650,8.3,Central,0
LN001064,A,98860.0,39566.0,0.3999,628,10.1,Central,0
LN001065,A,61262.0,20430.0,0.3082,841,2.2,North,0
LN001066,A,55771.0,26665.0,0.5005,732,13.7,North,0
LN001067,A,47830.0,4000.0,0.0835,771,4.6,Central,0
LN001068,B,23277.0,4000.0,0.1345,659,2.6,North,0
LN001069,B,78658.0,4507.0,0.0669,732,6.7,North,0
LN001070,A,72914.0,31042.0,0.4621,668,10.1,Central,0
LN001071,B,85038.0,25460.0,0.3068,671,1.2,North,0
LN001072,A,97329.0,24797.0,0.2368,692,14.3,North,0
LN001073,B,54901.0,13234.0,0.2004,750,14.3,North,0
LN001074,A,79437.0,26971.0,0.3062,695,1.9,Central,0
LN001075,A,95670.0,44832.0,0.4534,731,5.8,North,0
LN001076,B,61759.0,14252.0,0.2464,736,5.8,Central,0
LN001077,A,50274.0,17301.0,0.3429,713,8.6,North,0
LN001078,A,73491.0,14801.0,0.2049,783,2.0,Central,0
LN001079,A,87882.0,16824.0,0.193,693,13.1,North,0
LN001080,B,45493.0,17104.0,0.3542,585,10.1,South,0
LN001081,B,44850.0,4000.0,0.1036,720,4.2,Central,0
LN001082,A,85989.0,39407.0,0.4669,713,3.6,North,0
LN001083,B,64726.0,18421.0,0.266,739,7.3,Central,0
LN001084,B,68111.0,22499.0,0.3989,602,7.0,Central,0
LN001085,A,73572.0,21008.0,0.3276,772,14.8,Central,0
LN001086,A,104093.0,40884.0,0.4051,584,14.1,Central,0
LN001087,A,99011.0,31395.0,0.3044,718,10.9,South,0
LN001088,A,91085.0,23320.0,0.3083,667,4.7,Central,1
LN001089,B,32152.0,11899.0,0.3442,688,3.0,Central,0
LN001090,B,54274.0,19151.0,0.353,610,11.5,North,0
LN001091,B,27631.0,7607.0,0.2412,702,13.2,North,0
LN001092,A,69025.0,14927.0,0.171,734,0.3,Central,0
LN001093,A,97526.0,23520.0,0.2889,679,3.1,South,1
LN001094,A,44748.0,21524.0,0.4736,661,3.8,Central,1
LN001095,B,48112.0,16031.0,0.3138,813,10.1,North,0
LN001096,B,35720.0,17952.0,0.4441,615,15.3,Central,1
LN001097,A,129549.0,81655.0,0.581,712,13.6,Central,0
LN001098,B,77998.0,22317.0,0.2867,574,3.3,Central,0
LN001099,B,58994.0,4000.0,0.0868,748,14.3,Central,0
LN001100,B,72979.0,14847.0,0.1497,647,4.0,North,0
LN001101,B,88986.0,33952.0,0.3768,639,14.4,Central,0
LN001102,A,60302.0,28621.0,0.4194,722,5.4,North,0
LN001103,A,98536.0,57481.0,0.567,658,8.0,Central,0
LN001104,A,85278.0,25993.0,0.2882,655,11.1,Central,0
LN001105,A,42123.0,8924.0,0.1534,696,8.2,Central,0
LN001106,A,79678.0,28776.0,0.3641,658,0.3,Central,0
LN001107,A,94102.0,35739.0,0.3713,742,8.8,North,0
LN001108,A,57942.0,23498.0,0.3815,654,1.2,Central,0
LN001109,B,38211.0,14210.0,0.3414,751,4.7,North,0
LN001110,B,71320.0,17864.0,0.182,679,5.1,South,0
LN001111,A,124914.0,38596.0,0.2646,745,2.4,South,0
LN001112,B,62981.0,17516.0,0.2736,583,14.3,Central,0
LN001113,B,35754.0,12746.0,0.3676,719,9.0,Central,0
LN001114,B,65790.0,17998.0,0.2875,642,11.3,Central,0
LN001115,A,99788.0,17563.0,0.096,673,1.2,Central,1
LN001116,A,79799.0,37463.0,0.4902,675,7.4,North,0
LN001117,B,85140.0,22767.0,0.1719,750,8.7,North,0
LN001118,A,68346.0,19619.0,0.2782,716,7.1,Central,0
LN001119,A,131378.0,45469.0,0.4007,723,3.2,North,1
LN001120,A,131799.0,39342.0,0.3456,708,29.4,Central,0
LN001121,A,82399.0,12746.0,0.1398,687,2.1,South,0
LN001122,A,91591.0,19198.0,0.24,671,7.6,South,0
LN001123,A,77607.0,15140.0,0.1524,657,1.3,North,0
LN001124,A,71580.0,29016.0,0.3569,691,6.1,Central,0
LN001125,B,86119.0,46321.0,0.4972,708,6.2,South,0
LN001126,A,131081.0,51658.0,0.3618,719,24.7,South,0
LN001127,A,98059.0,32531.0,0.3433,716,7.3,South,0
LN001128,B,72078.0,16596.0,0.2518,653,2.6,Central,1
LN001129,A,77623.0,36775.0,0.4101,739,13.2,North,0
LN001130,A,47566.0,18491.0,0.4256,617,1.9,North,0
LN001131,A,87989.0,26985.0,0.3154,765,13.4,Central,0
LN001132,A,88265.0,18408.0,0.0685,721,8.3,Central,0
LN001133,A,109608.0,29987.0,0.2819,793,10.3,South,0
LN001134,A,139792.0,27554.0,0.2246,774,4.6,Central,0
LN001135,A,95225.0,27271.0,0.3193,588,0.5,South,0
LN001136,A,86838.0,37718.0,0.4548,639,9.3,North,0
LN001137,B,60733.0,14737.0,0.241,800,7.1,South,0
LN001138,A,105796.0,34110.0,0.3103,737,11.7,North,0
LN001139,A,69506.0,12770.0,0.1871,759,11.1,Central,0
LN001140,A,121898.0,78976.0,0.6404,726,9.0,South,0
LN001141,A,80871.0,44541.0,0.5246,695,2.8,Central,0
LN001142,A,82983.0,15907.0,0.236,714,3.1,Central,0
LN001143,A,74243.0,21209.0,0.2396,744,5.9,Central,0
LN001144,A,114392.0,36002.0,0.2726,718,9.1,North,0
LN001145,A,117683.0,41464.0,0.4061,697,12.6,Central,0
LN001146,A,33041.0,5307.0,0.0815,687,1.3,North,0
LN001147,B,45581.0,15199.0,0.3473,714,2.9,Central,0
LN001148,A,117265.0,30855.0,0.3249,630,4.0,Central,0
LN001149,B,79417.0,28485.0,0.3088,654,9.6,South,0
LN001150,A,84023.0,21633.0,0.2388,588,14.0,North,0
LN001151,A,43734.0,17545.0,0.3809,725,4.0,North,0
LN001152,A,76562.0,29427.0,0.3673,657,3.7,Central,0
LN001153,B,50802.0,20289.0,0.3959,705,3.5,South,0
LN001154,A,100261.0,22392.0,0.1709,643,18.2,Central,0
LN001155,A,117916.0,44992.0,0.3867,755,1.2,South,0
LN001156,B,41864.0,23723.0,0.5685,712,3.7,South,0
LN001157,A,140714.0,51848.0,0.3652,678,15.8,North,1
LN001158,B,67640.0,26106.0,0.4289,629,7.5,North,0
LN001159,B,89635.0,41396.0,0.5125,624,18.6,North,0
LN001160,A,71787.0,11136.0,0.2064,675,15.9,North,0
LN001161,A,99245.0,24906.0,0.1775,726,1.3,South,0
LN001162,B,40278.0,17242.0,0.3924,711,14.1,North,0
LN001163,A,88862.0,37842.0,0.4516,747,3.8,Central,0
LN001164,A,98026.0,22517.0,0.2987,671,7.3,North,1
LN001165,A,102468.0,11859.0,0.1139,757,15.6,South,0
LN001166,A,88798.0,53312.0,0.5449,595,7.4,North,1
LN001167,A,79783.0,9872.0,0.0626,680,2.9,South,0
LN001168,A,94782.0,28523.0,0.3333,737,2.6,Central,0
LN001169,B,83351.0,4000.0,0.0316,696,6.6,North,0
LN001170,A,139326.0,49238.0,0.3559,745,3.7,South,1
LN001171,A,100038.0,25658.0,0.2459,696,3.0,Central,0
LN001172,A,79743.0,12793.0,0.1339,757,8.2,Central,0
LN001173,A,102001.0,35104.0,0.3885,721,5.5,Central,0
LN001174,A,95005.0,41759.0,0.4265,549,2.5,North,1
LN001175,A,78320.0,4000.0,0.03,696,10.0,Central,0
LN001176,A,89529.0,17672.0,0.2395,688,2.1,Central,0
LN001177,A,103471.0,36894.0,0.3477,691,20.5,South,0
LN001178,B,91534.0,12846.0,0.1284,771,5.7,North,0
LN001179,A,95058.0,23382.0,0.2619,771,7.3,North,0
LN001180,A,89038.0,40928.0,0.462,767,8.0,Central,0
LN001181,A,74252.0,17582.0,0.2414,730,5.6,North,0
LN001182,A,63269.0,15295.0,0.2042,817,2.2,Central,0
LN001183,B,50933.0,18813.0,0.3444,641,3.1,Central,0
LN001184,A,102064.0,32082.0,0.3124,731,6.4,South,0
LN001185,B,52112.0,15588.0,0.2944,715,18.5,North,0
LN001186,A,76883.0,13930.0,0.1764,620,1.7,North,0
LN001187,B,67306.0,9157.0,0.0646,564,11.1,Central,1
LN001188,B,53446.0,9005.0,0.1901,554,6.5,Central,0
LN001189,A,66853.0,22113.0,0.2982,731,4.9,Central,0
LN001190,A,51439.0,16888.0,0.3453,793,12.4,North,0
LN001191,A,72465.0,14634.0,0.2228,579,7.2,South,0
LN001192,B,74405.0,19232.0,0.3214,696,3.4,North,0
LN001193,B,63419.0,22878.0,0.3174,660,15.6,Central,0
LN001194,A,103970.0,24542.0,0.2253,666,5.3,North,0
LN001195,A,106771.0,21022.0,0.2236,746,23.1,North,0
LN001196,A,69828.0,15216.0,0.2983,764,15.7,South,0
LN001197,B,71157.0,30592.0,0.4451,653,6.9,North,1
LN001198,A,93115.0,44402.0,0.4658,637,15.5,Central,0
LN001199,A,116859.0,22396.0,0.1329,740,11.1,North,0
LN001200,A,113050.0,38993.0,0.3582,708,6.8,South,0
LN001201,A,37415.0,4729.0,0.1631,698,8.3,Central,0
LN001202,A,114418.0,48516.0,0.432,716,3.5,South,0
LN001203,B,60112.0,12411.0,0.2308,589,6.3,North,0
LN001204,B,59651.0,22700.0,0.3936,543,2.7,Central,1
LN001205,B,48310.0,7969.0,0.1508,644,12.8,South,0
LN001206,B,79786.0,22653.0,0.305,604,3.7,Central,0
LN001207,B,45172.0,9348.0,0.2355,738,1.9,South,0
LN001208,A,72232.0,31864.0,0.4472,652,21.3,South,0
LN001209,A,58512.0,12857.0,0.1825,792,5.4,North,0
LN001210,A,79695.0,32030.0,0.3534,648,1.1,South,0
LN001211,A,109222.0,35683.0,0.3159,641,5.0,Central,0
LN001212,B,66548.0,14603.0,0.2124,664,7.1,Central,0
LN001213,B,59276.0,14315.0,0.2164,707,9.4,North,0
LN001214,B,79877.0,36225.0,0.4585,632,1.8,North,0
LN001215,B,30196.0,13278.0,0.4327,691,2.2,South,0
LN001216,B,127208.0,14657.0,0.1039,674,7.5,Central,0
LN001217,A,125056.0,20526.0,0.1676,733,6.4,North,0
LN001218,A,70575.0,22353.0,0.2934,613,1.7,Central,0
LN001219,A,86253.0,25512.0,0.2814,681,19.2,North,0
LN001220,A,75959.0,27286.0,0.3762,709,6.8,North,1
LN001221,B,62470.0,19803.0,0.2271,633,13.9,Central,0
LN001222,A,68210.0,28974.0,0.4536,637,4.2,North,0
LN001223,A,74089.0,18022.0,0.239,590,18.7,Central,0
LN001224,A,60376.0,25628.0,0.4356,778,25.8,Central,0
LN001225,A,67525.0,17568.0,0.2304,685,1.8,North,0
LN001226,A,79673.0,9582.0,0.0526,678,11.1,North,0
LN001227,B,62899.0,19350.0,0.2778,732,2.7,South,0
LN001228,A,93296.0,47153.0,0.5798,790,5.6,South,0
LN001229,A,102550.0,34376.0,0.2385,686,10.6,Central,0
LN001230,B,56323.0,28231.0,0.596,610,6.7,North,0
LN001231,A,65972.0,18653.0,0.2223,755,8.5,Central,0
LN001232,A,87939.0,42933.0,0.4659,703,3.8,South,0
LN001233,A,52792.0,7839.0,0.1381,784,7.4,South,0
LN001234,B,41463.0,7243.0,0.2285,642,9.6,Central,1
LN001235,B,64815.0,21750.0,0.3662,748,15.0,North,0
LN001236,B,73844.0,37271.0,0.5722,751,5.7,Central,0
LN001237,A,90215.0,43157.0,0.4533,745,15.6,North,0
LN001238,A,89089.0,40782.0,0.4247,756,3.1,Central,0
LN001239,A,84073.0,20779.0,0.2823,726,14.1,South,0
LN001240,A,96953.0,32811.0,0.2685,658,0.5,Central,0
LN001241,B,49756.0,11035.0,0.1853,695,4.4,North,1
LN001242,A,108166.0,36918.0,0.3613,580,10.9,Central,0
LN001243,B,67246.0,23037.0,0.3335,673,2.8,Central,0
LN001244,A,91107.0,27348.0,0.2769,641,3.5,North,0
LN001245,A,85185.0,24913.0,0.3432,717,14.3,North,0
LN001246,A,86689.0,27823.0,0.2902,787,0.9,Central,0
LN001247,B,45167.0,13407.0,0.2479,594,5.2,Central,0
LN001248,A,80403.0,5678.0,0.0876,735,5.7,North,0
LN001249,B,81513.0,23717.0,0.2333,656,7.3,Central,0
LN001250,A,84019.0,18529.0,0.1858,817,11.5,Central,0
LN001251,A,68008.0,26110.0,0.401,616,6.1,South,1
LN001252,A,96833.0,31119.0,0.335,682,13.9,North,0
LN001253,A,101364.0,23047.0,0.2527,591,6.7,Central,0
LN001254,A,64439.0,34538.0,0.4754,809,7.6,South,0
LN001255,A,105930.0,57026.0,0.5645,692,9.3,Central,0
LN001256,A,63101.0,19249.0,0.2537,561,12.1,South,0
LN001257,A,66668.0,27227.0,0.368,772,15.0,North,0
LN001258,B,64878.0,28184.0,0.4362,569,1.6,North,0
LN001259,A,88029.0,29040.0,0.3535,785,2.6,Central,0
LN001260,B,63573.0,19147.0,0.3228,672,9.9,North,0
LN001261,A,87663.0,42673.0,0.4729,760,11.1,North,0
LN001262,A,122876.0,37990.0,0.3538,698,8.1,North,0
LN001263,B,64684.0,36217.0,0.5212,539,1.0,North,1
LN001264,A,69323.0,8372.0,0.1592,781,3.0,North,0
LN001265,B,83845.0,4000.0,0.0525,652,2.8,North,1
LN001266,B,70326.0,5248.0,0.0664,547,16.3,Central,0
LN001267,A,85195.0,12126.0,0.1232,712,3.5,Central,0
LN001268,B,55681.0,10271.0,0.1647,812,12.9,North,0
LN001269,A,52282.0,20476.0,0.4358,591,4.5,North,0
LN001270,A,101490.0,14959.0,0.1385,743,5.3,Central,0
LN001271,A,150976.0,76561.0,0.527,790,2.1,Central,0
LN001272,A,74508.0,46666.0,0.5763,747,6.5,Central,0
LN001273,A,90662.0,28656.0,0.2764,679,6.7,North,0
LN001274,B,70212.0,19091.0,0.3006,726,3.4,Central,0
LN001275,B,50551.0,22473.0,0.452,714,17.0,South,0
LN001276,A,66055.0,27687.0,0.4209,631,8.6,Central,0
LN001277,A,82134.0,41312.0,0.5953,763,3.5,North,0
LN001278,A,103957.0,41256.0,0.4243,784,5.8,Central,0
LN001279,A,44620.0,10268.0,0.3072,799,8.9,Central,0
LN001280,B,87593.0,30618.0,0.3506,711,17.6,North,1
LN001281,B,48247.0,19184.0,0.473,671,8.2,Central,0
LN001282,A,129132.0,34562.0,0.2277,775,7.0,Central,0
LN001283,B,25982.0,8917.0,0.3339,631,0.9,South,0
LN001284,A,39915.0,9600.0,0.2526,724,4.6,North,0
LN001285,B,60737.0,27761.0,0.4952,607,4.9,North,0
LN001286,A,99998.0,30075.0,0.2732,694,1.4,North,0
LN001287,A,79535.0,19376.0,0.154,694,9.4,Central,0
LN001288,A,109649.0,4360.0,0.03,743,17.1,Central,0
LN001289,B,68336.0,15364.0,0.2107,514,13.7,South,0
LN001290,A,69994.0,21007.0,0.3024,710,2.7,Central,0
LN001291,A,108584.0,36528.0,0.348,704,9.4,Central,0
LN001292,B,66989.0,33012.0,0.4781,580,2.8,Central,1
LN001293,B,47032.0,18248.0,0.4383,552,4.6,South,0
LN001294,A,75333.0,27848.0,0.4138,687,13.4,South,0
LN001295,B,46368.0,15929.0,0.339,695,3.3,South,0
LN001296,B,48424.0,24057.0,0.5509,552,10.1,North,0
LN001297,A,117491.0,32846.0,0.2296,706,2.1,South,0
LN001298,A,102864.0,23794.0,0.247,703,15.1,South,0
LN001299,B,57743.0,22761.0,0.3689,776,1.9,South,0
LN001300,A,74915.0,22912.0,0.3695,673,3.6,North,0
LN001301,A,103543.0,22847.0,0.1865,850,13.3,Central,0
LN001302,A,66122.0,11182.0,0.1854,810,6.7,Central,0
LN001303,A,31136.0,10421.0,0.2946,719,11.4,South,0
LN001304,B,53120.0,27797.0,0.5535,689,3.6,South,1
LN001305,A,102613.0,50516.0,0.5198,712,5.6,North,0
LN001306,A,114078.0,32085.0,0.2083,666,7.6,South,0
LN001307,A,72731.0,25222.0,0.3476,673,2.7,North,0
LN001308,B,72713.0,31445.0,0.3877,579,12.4,South,0
LN001309,B,32843.0,8552.0,0.3118,672,4.7,South,0
LN001310,B,61537.0,34273.0,0.5205,656,4.5,North,0
LN001311,B,64016.0,21112.0,0.3619,646,7.3,North,0
LN001312,A,49404.0,17868.0,0.397,509,7.2,South,0
LN001313,A,56150.0,16852.0,0.2784,794,6.5,North,0
LN001314,A,75451.0,16050.0,0.2965,786,7.1,North,0
LN001315,A,108837.0,17684.0,0.1855,730,5.6,North,0
LN001316,A,118817.0,34360.0,0.3278,706,3.1,North,0
LN001317,B,61102.0,5279.0,0.0359,570,4.1,North,1
LN001318,A,70760.0,7736.0,0.0601,741,8.4,South,0
LN001319,A,53494.0,18210.0,0.3396,768,9.7,Central,0
LN001320,A,88255.0,26309.0,0.3071,702,2.9,Central,0
LN001321,A,60225.0,22308.0,0.3667,699,9.2,North,0
LN001322,A,107987.0,44592.0,0.4272,658,7.4,North,0
LN001323,A,74790.0,27556.0,0.3623,764,6.9,Central,0
LN001324,B,45336.0,22953.0,0.4905,587,3.6,South,0
LN001325,A,65729.0,21818.0,0.3471,670,7.7,North,0
LN001326,A,95537.0,28785.0,0.3122,722,11.3,Central,0
LN001327,B,84153.0,35751.0,0.3691,646,1.7,North,0
LN001328,B,79849.0,39325.0,0.5023,619,3.2,South,0
LN001329,A,54878.0,15858.0,0.3038,599,8.1,Central,0
LN001330,A,125277.0,38594.0,0.2991,789,13.4,South,0
LN001331,A,66366.0,20435.0,0.2904,766,1.4,South,0
LN001332,A,30987.0,7714.0,0.308,840,3.1,North,0
LN001333,A,51645.0,10313.0,0.2323,752,2.7,South,0
LN001334,A,66645.0,37919.0,0.6148,715,12.4,Central,1
LN001335,B,23528.0,11981.0,0.546,669,5.7,South,1
LN001336,B,43346.0,14161.0,0.3675,744,3.9,North,0
LN001337,A,65272.0,19259.0,0.2914,634,4.3,North,0
LN001338,A,63077.0,30024.0,0.505,677,7.3,South,0
LN001339,B,53644.0,20389.0,0.3469,634,9.3,South,0
LN001340,A,135418.0,37446.0,0.2318,791,1.8,South,0
LN001341,A,87652.0,31396.0,0.347,798,11.4,Central,0
LN001342,A,81569.0,25024.0,0.2318,661,2.9,Central,0
LN001343,A,114137.0,39078.0,0.2959,715,7.3,North,0
LN001344,A,57786.0,24477.0,0.4112,796,4.6,North,0
LN001345,B,52884.0,22345.0,0.4896,716,2.8,North,0
LN001346,B,77183.0,31510.0,0.4122,682,12.5,Central,0
LN001347,A,94117.0,32950.0,0.3226,621,6.9,Central,0
LN001348,A,77960.0,20039.0,0.3163,642,10.0,South,0
LN001349,A,124793.0,21361.0,0.1261,796,7.9,North,0
LN001350,A,137236.0,40786.0,0.2718,715,2.4,Central,0
LN001351,A,56151.0,27062.0,0.5019,629,4.5,Central,0
LN001352,A,79642.0,15450.0,0.1193,781,5.6,North,0
LN001353,B,51519.0,19342.0,0.46,583,10.1,South,0
LN001354,A,87449.0,36358.0,0.4085,751,3.9,South,0
LN001355,A,45373.0,16984.0,0.3659,816,6.5,North,0
LN001356,B,42232.0,10434.0,0.2338,655,7.7,North,0
LN001357,A,45318.0,14263.0,0.4016,691,7.4,North,0
LN001358,B,67002.0,19962.0,0.2648,672,4.6,North,0
LN001359,A,96536.0,38788.0,0.3745,796,4.9,South,0
LN001360,A,100506.0,50362.0,0.4413,841,1.9,South,0
LN001361,B,58648.0,9567.0,0.1748,815,1.2,Central,0
LN001362,A,129564.0,50586.0,0.3921,775,5.3,North,0
LN001363,A,29119.0,10425.0,0.3442,689,17.2,South,0
LN001364,A,69712.0,13086.0,0.1769,717,1.6,South,0
LN001365,A,106753.0,33748.0,0.3192,839,16.7,Central,0
LN001366,A,68659.0,18293.0,0.2918,685,8.7,Central,0
LN001367,B,55668.0,12861.0,0.2053,768,5.0,North,0
LN001368,A,86485.0,37911.0,0.4441,686,7.3,Central,1
LN001369,B,75494.0,20532.0,0.2678,643,6.6,Central,0
LN001370,A,87379.0,40266.0,0.4102,689,6.8,North,0
LN001371,B,40952.0,20053.0,0.507,662,5.9,South,0
LN001372,A,128366.0,47418.0,0.395,801,3.4,North,0
LN001373,B,85912.0,29623.0,0.3544,554,9.1,Central,0
LN001374,A,86505.0,15390.0,0.1584,694,2.1,North,0
LN001375,A,111164.0,39035.0,0.3733,710,3.0,Central,0
LN001376,A,126300.0,69307.0,0.5554,703,5.0,Central,1
LN001377,B,39788.0,10261.0,0.2323,737,2.0,North,0
LN001378,A,89042.0,35206.0,0.4342,695,8.2,North,0
LN001379,A,48694.0,20471.0,0.3833,691,2.2,Central,0
LN001380,A,76539.0,23083.0,0.3082,735,8.0,South,0
LN001381,B,64957.0,8404.0,0.0877,657,7.0,Central,0
LN001382,A,118887.0,53020.0,0.4617,751,12.0,South,0
LN001383,B,80580.0,34951.0,0.4968,723,8.8,North,0
LN001384,A,60164.0,23917.0,0.3759,768,11.2,Central,0
LN001385,A,93069.0,34868.0,0.4152,767,5.4,North,0
LN001386,A,113305.0,36203.0,0.2924,792,2.4,North,0
LN001387,A,75208.0,31001.0,0.4815,659,5.1,North,0
LN001388,A,121767.0,54839.0,0.4342,671,17.3,North,0
LN001389,A,65503.0,27130.0,0.3828,713,4.8,Central,0
LN001390,A,91631.0,35111.0,0.3324,719,7.8,Central,0
LN001391,B,66532.0,45937.0,0.6902,629,2.3,South,0
LN001392,A,94299.0,25091.0,0.2972,641,10.3,North,0
LN001393,B,60690.0,24300.0,0.3076,632,13.2,North,0
LN001394,B,88118.0,41560.0,0.456,780,1.7,South,0
LN001395,A,90516.0,15402.0,0.1684,653,7.5,Central,0
LN001396,A,110257.0,28837.0,0.2504,763,2.1,South,0
LN001397,B,82318.0,34106.0,0.3817,699,3.3,South,0
LN001398,B,28729.0,8338.0,0.3357,696,4.7,Central,0
LN001399,B,65264.0,30199.0,0.4458,746,5.4,Central,0
LN001400,A,41272.0,7412.0,0.166,729,9.4,Central,0
LN001401,A,94401.0,38382.0,0.4594,666,6.0,Central,0
LN001402,A,69375.0,14889.0,0.2248,723,7.8,North,0
LN001403,A,55205.0,24323.0,0.457,741,7.6,Central,0
LN001404,A,89923.0,16933.0,0.2087,688,6.3,Central,0
LN001405,B,62512.0,20173.0,0.3207,724,4.6,South,0
LN001406,A,55851.0,14474.0,0.3079,725,3.9,Central,0
LN001407,A,63350.0,21700.0,0.4308,703,2.9,South,1
LN001408,A,75861.0,21482.0,0.3209,757,3.0,Central,0
LN001409,A,95451.0,37010.0,0.397,710,8.6,South,0
LN001410,B,54054.0,7603.0,0.1366,737,8.1,Central,0
LN001411,B,51800.0,15696.0,0.3705,624,12.8,Central,0
LN001412,A,113485.0,52597.0,0.476,684,9.2,Central,0
LN001413,A,76629.0,23931.0,0.3302,652,4.7,North,0
LN001414,A,106337.0,50443.0,0.477,716,5.4,Central,0
LN001415,B,62812.0,20796.0,0.2298,630,8.8,Central,1
LN001416,A,112056.0,35257.0,0.3059,727,4.3,South,0
LN001417,A,75195.0,22268.0,0.3697,745,6.5,Central,0
LN001418,B,41882.0,8275.0,0.2851,691,6.3,Central,0
LN001419,B,86947.0,25861.0,0.3219,659,1.3,Central,0
LN001420,A,72382.0,10951.0,0.1685,783,2.6,Central,0
LN001421,B,23715.0,4000.0,0.1575,705,6.1,North,0
LN001422,A,99843.0,25366.0,0.2949,771,2.8,Central,0
LN001423,A,66843.0,20226.0,0.3189,656,5.6,North,1
LN001424,A,63094.0,4000.0,0.065,730,3.3,Central,0
LN001425,A,114474.0,30759.0,0.1897,674,5.9,Central,0
LN001426,B,67826.0,22935.0,0.3717,572,6.3,South,1
LN001427,A,58398.0,15095.0,0.1957,819,1.2,North,0
LN001428,A,109088.0,33980.0,0.2999,749,5.1,Central,0
LN001429,A,63655.0,9873.0,0.1405,684,2.4,North,0
LN001430,B,68704.0,31172.0,0.4251,678,4.2,Central,0
LN001431,B,58280.0,4000.0,0.0848,623,2.3,Central,0
LN001432,A,110679.0,33382.0,0.2902,758,4.5,Central,0
LN001433,A,115392.0,29054.0,0.2341,654,13.3,South,0
LN001434,B,61607.0,22297.0,0.3487,671,2.0,North,0
LN001435,A,68395.0,24008.0,0.4035,850,8.4,Central,0
LN001436,A,57370.0,14671.0,0.3153,774,5.2,South,0
LN001437,A,68647.0,10354.0,0.1807,680,2.7,South,0
LN001438,B,95675.0,29688.0,0.3497,643,5.8,North,0
LN001439,B,86973.0,39023.0,0.4372,743,6.3,Central,0
LN001440,B,109200.0,50856.0,0.5475,596,5.1,Central,1
LN001441,A,102957.0,19943.0,0.2602,742,8.9,Central,0
LN001442,A,93649.0,38953.0,0.4535,687,1.7,North,1
LN001443,A,58790.0,16547.0,0.2812,698,5.0,North,1
LN001444,B,60647.0,8065.0,0.1866,709,3.6,North,0
LN001445,A,124986.0,35065.0,0.2616,772,4.9,Central,0
LN001446,B,58865.0,17349.0,0.295,731,5.7,Central,0
LN001447,A,90204.0,23768.0,0.2181,688,7.2,South,0
LN001448,A,78187.0,21805.0,0.2507,761,24.5,South,0
LN001449,A,96500.0,28064.0,0.2504,744,3.6,Central,0
LN001450,A,76694.0,30377.0,0.3522,655,9.0,South,0
LN001451,A,77657.0,21058.0,0.3083,776,9.6,Central,0
LN001452,B,71679.0,23340.0,0.2567,644,8.7,Central,0
LN001453,A,36206.0,14056.0,0.3352,735,5.1,North,0
LN001454,B,64624.0,18791.0,0.2542,678,7.8,North,1
LN001455,A,47338.0,10505.0,0.2889,749,4.2,South,0
LN001456,A,78155.0,35353.0,0.4819,634,7.2,North,1
LN001457,A,30096.0,15557.0,0.5397,718,4.5,South,0
LN001458,A,79176.0,16321.0,0.2104,689,17.1,Central,0
LN001459,A,65321.0,12629.0,0.1873,758,6.9,Central,0
LN001460,A,87191.0,27605.0,0.2726,753,3.3,North,0
LN001461,B,71118.0,6063.0,0.0906,610,7.3,North,0
LN001462,A,80141.0,20600.0,0.2154,723,3.7,North,0
LN001463,A,72843.0,32585.0,0.4843,744,4.2,North,0
LN001464,B,46974.0,16884.0,0.3871,628,6.9,Central,0
LN001465,A,76343.0,6630.0,0.0733,689,4.8,North,0
LN001466,B,39687.0,14884.0,0.3571,730,6.0,North,0
LN001467,A,92389.0,29531.0,0.3153,736,6.3,South,0
LN001468,B,52529.0,23863.0,0.4635,572,4.1,South,0
LN001469,A,96306.0,26494.0,0.2346,686,4.9,Central,0
LN001470,A,60584.0,20270.0,0.3215,599,5.6,North,0
LN001471,B,76874.0,26811.0,0.3814,654,6.8,North,0
LN001472,A,124765.0,21248.0,0.1323,632,8.5,Central,0
LN001473,A,121524.0,10013.0,0.1284,773,9.0,Central,0
LN001474,A,115471.0,42267.0,0.3819,717,7.7,North,1
LN001475,A,103765.0,14294.0,0.1594,649,3.5,Central,0
LN001476,A,63312.0,19406.0,0.3578,685,5.8,North,0
LN001477,A,94960.0,22801.0,0.1438,714,2.3,South,0
LN001478,A,117012.0,46016.0,0.3531,744,2.1,North,0
LN001479,A,41467.0,22287.0,0.4902,634,1.8,Central,1
LN001480,A,99774.0,13090.0,0.2076,586,7.9,Central,0
LN001481,B,60144.0,25475.0,0.3832,661,7.1,North,0
LN001482,A,27139.0,9654.0,0.3858,728,0.9,Central,1
LN001483,A,119520.0,33805.0,0.2123,533,3.7,North,0
LN001484,B,60811.0,19790.0,0.3158,630,5.2,South,0
LN001485,A,99904.0,31425.0,0.3116,796,2.0,North,0
LN001486,A,85969.0,15933.0,0.1719,754,3.6,North,0
LN001487,A,59854.0,22987.0,0.3506,617,3.7,Central,0
LN001488,A,81267.0,14934.0,0.2104,679,3.0,South,0
LN001489,A,89895.0,6223.0,0.03,619,4.9,North,0
LN001490,A,80499.0,34795.0,0.4966,772,10.2,Central,0
LN001491,A,119019.0,60484.0,0.4788,680,3.9,Central,1
LN001492,A,100961.0,17802.0,0.2092,749,0.8,Central,0
LN001493,B,42668.0,5349.0,0.1003,674,4.0,Central,0
LN001494,B,90543.0,24002.0,0.2528,643,9.5,South,0
LN001495,B,22000.0,10891.0,0.43,716,10.7,South,1
LN001496,A,70550.0,21223.0,0.234,723,6.3,North,0
LN001497,A,84686.0,21812.0,0.2851,770,2.0,Central,0
LN001498,A,112338.0,40728.0,0.431,788,1.4,North,0
LN001499,A,63105.0,25917.0,0.4377,604,3.1,Central,1
LN001500,A,40556.0,28207.0,0.7016,693,1.5,Central,0
LN001501,A,60978.0,14205.0,0.2226,609,2.2,Central,0
LN001502,B,27139.0,8003.0,0.2417,694,7.7,North,0
LN001503,B,53919.0,15743.0,0.272,716,3.0,North,0
LN001504,A,101483.0,44758.0,0.4684,728,12.4,Central,0
LN001505,A,64423.0,20638.0,0.2992,755,3.5,Central,0
LN001506,A,85925.0,42273.0,0.4754,685,2.1,Central,0
LN001507,B,46946.0,19292.0,0.468,716,4.3,North,1
LN001508,B,81279.0,30141.0,0.4115,618,7.3,Central,0
LN001509,A,111254.0,48398.0,0.4446,744,1.7,North,0
LN001510,B,22000.0,7281.0,0.3352,640,2.3,North,0
LN001511,A,101284.0,17854.0,0.2102,744,17.3,Central,0
LN001512,A,106144.0,28612.0,0.3036,678,3.8,South,0
LN001513,A,118963.0,37021.0,0.3131,776,3.3,Central,0
LN001514,A,79638.0,32998.0,0.4903,769,11.6,North,0
LN001515,B,85809.0,30692.0,0.3637,765,4.5,North,0
LN001516,A,111105.0,30104.0,0.2829,634,1.5,Central,1
LN001517,A,115770.0,34561.0,0.2837,674,3.4,Central,0
LN001518,A,78102.0,21169.0,0.2862,595,15.6,Central,0
LN001519,A,123739.0,24487.0,0.1729,772,14.8,Central,0
LN001520,A,69120.0,32396.0,0.4878,672,2.5,North,1
LN001521,A,74016.0,15695.0,0.2125,726,6.0,Central,0
LN001522,A,87031.0,24859.0,0.3152,645,3.7,South,0
LN001523,A,106632.0,21084.0,0.204,647,2.2,North,0
LN001524,A,22000.0,7194.0,0.3387,678,4.0,North,0
LN001525,A,87922.0,27701.0,0.3307,717,3.0,South,0
LN001526,A,82111.0,43879.0,0.5414,786,8.6,North,0
LN001527,A,123518.0,40719.0,0.3373,693,2.8,South,0
LN001528,A,82130.0,20475.0,0.2033,743,8.0,North,0
LN001529,A,41535.0,10318.0,0.2612,696,4.4,South,0
LN001530,A,58152.0,10065.0,0.2211,744,3.4,North,0
LN001531,A,92676.0,27965.0,0.2835,701,1.3,North,0
LN001532,A,112285.0,26039.0,0.2386,615,8.2,North,0
LN001533,A,107637.0,43545.0,0.4212,737,3.4,Central,0
LN001534,A,87138.0,37346.0,0.4694,675,0.7,North,0
LN001535,A,93243.0,32543.0,0.3923,766,11.1,South,0
LN001536,B,63596.0,31761.0,0.4753,667,2.5,North,0
LN001537,B,30131.0,10023.0,0.3688,649,11.9,North,0
LN001538,A,97600.0,13156.0,0.1926,791,5.9,North,0
LN001539,A,129569.0,48800.0,0.3126,771,8.4,Central,0
LN001540,A,22000.0,9801.0,0.4613,778,4.8,Central,0
LN001541,A,52048.0,22179.0,0.4042,790,5.5,North,0
LN001542,A,106004.0,30063.0,0.276,735,4.1,South,0
LN001543,A,114042.0,48126.0,0.3707,738,6.7,South,0
LN001544,A,68624.0,28790.0,0.3776,813,1.7,Central,0
LN001545,A,66022.0,32471.0,0.5035,698,3.5,Central,0
LN001546,A,105116.0,28463.0,0.2063,708,12.4,North,0
LN001547,A,74222.0,29181.0,0.3916,729,1.7,South,0
LN001548,A,84851.0,20370.0,0.245,684,9.4,North,0
LN001549,A,118314.0,56779.0,0.4821,777,6.0,Central,0
LN001550,A,130927.0,26221.0,0.1573,699,8.1,Central,0
LN001551,A,63081.0,14772.0,0.2555,673,11.9,Central,0
LN001552,A,58576.0,14799.0,0.2662,688,12.9,Central,0
LN001553,A,105230.0,41526.0,0.3496,684,6.2,North,0
LN001554,B,73198.0,37649.0,0.412,662,2.0,North,0
LN001555,A,91296.0,36284.0,0.3865,776,7.5,North,0
LN001556,B,79458.0,26337.0,0.353,584,2.9,Central,0
LN001557,A,69158.0,24027.0,0.3895,592,9.4,North,0
LN001558,B,79975.0,29247.0,0.3919,676,3.8,South,0
LN001559,A,83035.0,22221.0,0.2598,667,1.8,Central,0
LN001560,A,66577.0,25845.0,0.4007,733,6.5,South,0
LN001561,A,89958.0,24341.0,0.268,784,4.9,Central,0
LN001562,A,50741.0,12047.0,0.2631,673,2.9,Central,0
LN001563,A,84606.0,25073.0,0.2877,771,31.4,North,0
LN001564,A,85925.0,25108.0,0.2964,832,11.0,North,0
LN001565,B,56884.0,29041.0,0.5162,683,23.7,South,0
LN001566,A,115848.0,67969.0,0.5396,786,19.1,Central,0
LN001567,B,34487.0,12468.0,0.3701,696,10.0,North,0
LN001568,A,92035.0,41597.0,0.3896,699,0.7,North,0
LN001569,A,87169.0,31828.0,0.3712,587,17.1,Central,0
LN001570,A,102566.0,36685.0,0.3426,614,9.2,Central,0
LN001571,A,114778.0,59668.0,0.5455,792,10.8,North,0
LN001572,A,114062.0,57391.0,0.5468,738,4.5,North,0
LN001573,A,87038.0,32835.0,0.4139,696,1.9,South,0
LN001574,A,117806.0,59889.0,0.6392,720,2.4,Central,0
LN001575,A,134638.0,22835.0,0.1853,615,2.8,North,0
LN001576,A,106838.0,22911.0,0.1625,785,3.5,Central,0
LN001577,A,105154.0,36717.0,0.3981,716,4.8,North,0
LN001578,A,91357.0,43323.0,0.4282,727,3.6,Central,0
LN001579,A,88762.0,26470.0,0.2436,703,13.2,Central,0
LN001580,A,72487.0,34799.0,0.5795,754,6.9,Central,0
LN001581,A,90978.0,26719.0,0.2393,654,5.7,North,0
LN001582,A,52531.0,23990.0,0.4779,849,6.4,Central,0
LN001583,A,101700.0,34886.0,0.33,595,7.4,Central,1
LN001584,B,45462.0,13415.0,0.3012,738,8.4,North,0
LN001585,A,79142.0,25020.0,0.3786,653,4.1,North,0
LN001586,A,123053.0,87618.0,0.6488,799,6.0,South,0
LN001587,B,54937.0,16417.0,0.281,732,5.8,North,0
LN001588,A,100232.0,31313.0,0.3149,753,13.9,South,0
LN001589,A,78926.0,26663.0,0.2847,542,9.0,South,0
LN001590,A,114994.0,34396.0,0.3315,672,2.3,South,0
LN001591,A,89169.0,37326.0,0.3959,847,2.9,North,0
LN001592,A,96745.0,28313.0,0.2992,769,2.3,Central,0
LN001593,B,80081.0,13970.0,0.2117,675,5.5,Central,0
LN001594,B,67833.0,28448.0,0.4179,669,6.1,North,0
LN001595,A,71965.0,35251.0,0.468,712,10.5,North,0
LN001596,A,130149.0,16266.0,0.1265,643,5.9,North,1
LN001597,A,94832.0,41667.0,0.5436,681,6.1,Central,0
LN001598,A,70986.0,12555.0,0.1641,745,8.6,South,0
LN001599,A,37438.0,9341.0,0.1933,719,2.6,South,0
LN001600,A,59727.0,17676.0,0.2849,607,22.4,Central,0
LN001601,A,72483.0,25842.0,0.3428,806,10.5,North,0
LN001602,B,47653.0,15204.0,0.3184,625,16.5,North,0
LN001603,B,22000.0,4000.0,0.2666,684,16.8,South,0
LN001604,A,85243.0,30690.0,0.3614,646,9.1,Central,0
LN001605,A,64062.0,21010.0,0.3707,710,17.3,North,0
LN001606,A,36246.0,12926.0,0.269,670,6.1,Central,0
LN001607,A,78737.0,28733.0,0.4023,696,17.7,North,0
LN001608,A,75167.0,18060.0,0.2444,740,4.9,Central,0
LN001609,A,68154.0,31558.0,0.5068,745,9.9,North,0
LN001610,A,109951.0,43726.0,0.4019,691,7.9,South,0
LN001611,A,65968.0,34783.0,0.5145,702,3.0,North,0
LN001612,A,66962.0,26468.0,0.3918,681,10.4,Central,0
LN001613,B,60466.0,16408.0,0.2258,672,18.8,Central,0
LN001614,B,74612.0,15240.0,0.2074,633,7.9,North,0
LN001615,A,93047.0,19225.0,0.1953,696,1.9,South,0
LN001616,A,109657.0,43909.0,0.4334,640,4.5,Central,1
LN001617,A,88840.0,36575.0,0.3959,734,15.4,Central,0
LN001618,A,74012.0,19597.0,0.2001,724,8.4,North,0
LN001619,A,97691.0,25665.0,0.2654,811,1.8,North,0
LN001620,A,91225.0,37976.0,0.4284,691,11.4,Central,0
LN001621,B,61703.0,8330.0,0.1129,584,4.4,North,0
LN001622,B,63213.0,16242.0,0.2691,680,7.0,Central,0
LN001623,B,42948.0,10772.0,0.3045,708,2.7,Central,0
LN001624,A,71421.0,30700.0,0.4626,755,1.6,South,0
LN001625,A,74193.0,24465.0,0.3408,689,4.3,North,0
LN001626,A,85814.0,23134.0,0.2779,582,14.2,South,0
LN001627,A,81459.0,31520.0,0.3924,723,4.7,North,0
LN001628,A,58821.0,27178.0,0.4927,822,2.4,North,0
LN001629,A,131889.0,54911.0,0.4131,533,20.4,North,0
LN001630,A,124359.0,44637.0,0.3691,734,3.5,Central,0
LN001631,A,110431.0,26851.0,0.2265,710,1.5,South,0
LN001632,A,74370.0,13492.0,0.207,761,5.8,Central,0
LN001633,A,120640.0,50905.0,0.4147,669,16.8,North,0
LN001634,A,69340.0,18167.0,0.2541,654,2.9,North,0
LN001635,A,73353.0,18095.0,0.2412,678,5.2,South,0
LN001636,A,91445.0,33853.0,0.3232,645,7.9,North,0
LN001637,A,89261.0,19750.0,0.1572,687,5.2,North,0
LN001638,B,26654.0,15677.0,0.6296,713,3.5,Central,0
LN001639,B,63959.0,19674.0,0.3628,590,4.2,South,0
LN001640,B,54952.0,9955.0,0.2419,620,9.6,North,0
LN001641,B,30802.0,10386.0,0.3352,636,10.9,Central,1
LN001642,A,63570.0,5483.0,0.0615,648,8.6,North,0
LN001643,A,79703.0,13903.0,0.1798,630,6.5,Central,0
LN001644,A,48191.0,17643.0,0.3798,669,11.7,North,0
LN001645,A,70240.0,11559.0,0.1724,779,6.3,South,0
LN001646,A,82341.0,16911.0,0.1494,775,4.3,Central,0
LN001647,A,99394.0,37899.0,0.3656,800,7.5,Central,0
LN001648,B,86840.0,26674.0,0.2479,693,1.6,Central,0
LN001649,A,94419.0,43884.0,0.4665,728,2.6,Central,0
LN001650,A,85895.0,37500.0,0.477,687,3.9,North,0
LN001651,A,105858.0,29709.0,0.3293,722,22.2,South,0
LN001652,A,114734.0,32894.0,0.2902,759,6.3,Central,0
LN001653,B,70532.0,35096.0,0.5117,614,12.6,North,0
LN001654,A,79450.0,34751.0,0.3895,746,7.3,South,0
LN001655,A,93903.0,31075.0,0.3797,637,13.9,Central,0
LN001656,B,26089.0,7164.0,0.3033,606,5.3,Central,0
LN001657,A,115190.0,38849.0,0.3201,689,8.3,North,1
LN001658,A,95202.0,36772.0,0.3664,658,4.0,Central,0
LN001659,A,104072.0,48470.0,0.5375,656,4.0,Central,0
LN001660,A,57201.0,22483.0,0.4472,623,9.4,Central,0
LN001661,B,53268.0,25933.0,0.5522,642,8.8,North,1
LN001662,A,97629.0,25559.0,0.261,776,2.3,North,0
LN001663,A,97250.0,38384.0,0.2882,809,9.7,North,0
LN001664,B,66860.0,9318.0,0.1774,677,3.4,South,0
LN001665,A,112563.0,36054.0,0.274,672,4.3,South,0
LN001666,A,142034.0,68807.0,0.4163,736,2.6,Central,0
LN001667,B,83505.0,22618.0,0.3026,612,7.4,Central,0
LN001668,A,102490.0,41467.0,0.4213,719,19.8,South,0
LN001669,B,53362.0,19415.0,0.4022,680,13.2,North,0
LN001670,A,73249.0,14070.0,0.2719,659,6.2,North,0
LN001671,B,66466.0,15936.0,0.2209,667,7.0,Central,0
LN001672,A,81812.0,22168.0,0.2443,723,6.5,North,0
LN001673,A,85010.0,36067.0,0.3905,758,4.9,Central,0
LN001674,A,72575.0,20138.0,0.2877,737,4.3,North,0
LN001675,B,52113.0,13266.0,0.2716,645,1.2,Central,0
LN001676,A,80647.0,14880.0,0.2593,763,4.8,North,0
LN001677,A,70584.0,35180.0,0.5872,660,3.9,South,0
LN001678,A,101967.0,51981.0,0.5507,806,8.6,Central,0
LN001679,B,78248.0,4000.0,0.0343,641,10.6,North,0
LN001680,A,114231.0,43100.0,0.371,614,7.3,North,0
LN001681,A,49613.0,10808.0,0.2324,645,2.1,North,1
LN001682,B,36385.0,6398.0,0.0967,761,1.2,Central,0
LN001683,A,92504.0,9119.0,0.0772,722,9.3,South,0
LN001684,A,98191.0,25998.0,0.254,570,2.4,North,0
LN001685,A,86159.0,15473.0,0.2322,703,11.1,North,0
LN001686,A,50870.0,15542.0,0.3348,643,4.6,North,0
LN001687,B,44913.0,7987.0,0.1578,819,3.4,North,0
LN001688,B,87828.0,31573.0,0.4141,708,6.6,South,0
LN001689,A,61596.0,11814.0,0.1895,719,11.3,South,0
LN001690,A,50436.0,6663.0,0.0836,640,5.8,North,0
LN001691,B,74295.0,27895.0,0.4353,492,10.0,Central,0
LN001692,B,53746.0,13671.0,0.225,687,5.6,Central,0
LN001693,B,63401.0,25681.0,0.4024,750,6.9,South,0
LN001694,B,77501.0,19926.0,0.2292,691,4.6,Central,0
LN001695,A,90276.0,13880.0,0.1752,762,4.8,South,0
LN001696,B,38126.0,7529.0,0.1348,770,4.5,North,0
LN001697,A,50730.0,21671.0,0.4348,660,7.3,Central,0
LN001698,A,96652.0,22388.0,0.1932,691,5.4,Central,0
LN001699,B,59809.0,26703.0,0.4502,555,17.0,Central,0
LN001700,B,76168.0,30807.0,0.4128,644,10.9,North,0
LN001701,A,101769.0,33830.0,0.322,768,3.6,Central,0
LN001702,A,129720.0,35408.0,0.2933,748,2.2,Central,0
LN001703,B,30907.0,18342.0,0.5689,689,5.8,South,0
LN001704,B,62151.0,21057.0,0.3786,798,5.4,South,0
LN001705,A,100144.0,31739.0,0.2398,752,1.5,North,0
LN001706,A,105012.0,38995.0,0.3461,725,19.7,North,0
LN001707,A,77910.0,22420.0,0.2844,713,7.9,Central,0
LN001708,A,56843.0,21061.0,0.3485,822,8.4,North,0
LN001709,A,128764.0,37358.0,0.2228,746,2.1,North,0
LN001710,A,75562.0,21793.0,0.2941,686,5.5,North,0
LN001711,A,27134.0,6200.0,0.2303,781,8.2,South,0
LN001712,A,143472.0,23806.0,0.1297,682,6.1,South,0
LN001713,A,84935.0,39411.0,0.5033,727,17.9,North,0
LN001714,B,49507.0,18519.0,0.419,696,6.0,North,0
LN001715,B,53988.0,8028.0,0.1718,596,2.9,Central,0
LN001716,B,67050.0,5326.0,0.03,633,6.2,South,0
LN001717,A,92483.0,28727.0,0.3504,783,13.9,North,0
LN001718,A,71987.0,32791.0,0.441,794,1.6,Central,0
LN001719,A,72566.0,12538.0,0.1538,753,15.6,North,0
LN001720,B,64751.0,22266.0,0.4068,623,2.2,Central,1
LN001721,A,101888.0,46101.0,0.3858,804,6.5,North,0
LN001722,B,43092.0,15918.0,0.4177,690,12.0,South,0
LN001723,A,96708.0,39532.0,0.3388,730,2.4,Central,0
LN001724,A,48707.0,8630.0,0.1445,850,1.8,Central,0
LN001725,A,84368.0,14788.0,0.184,850,15.4,Central,0
LN001726,A,87087.0,18377.0,0.1964,702,14.6,Central,0
LN001727,A,72023.0,10079.0,0.169,779,12.5,North,0
LN001728,A,85705.0,24408.0,0.3641,703,10.3,South,0
LN001729,A,102954.0,38301.0,0.4105,708,2.7,South,0
LN001730,B,65841.0,20653.0,0.3598,606,1.3,Central,0
LN001731,B,45261.0,16362.0,0.3548,653,7.0,North,0
LN001732,A,91428.0,4000.0,0.0929,747,19.3,North,0
LN001733,B,64049.0,18853.0,0.2464,711,2.8,Central,0
LN001734,A,64489.0,23179.0,0.3906,819,5.9,Central,0
LN001735,B,49529.0,14919.0,0.2759,629,5.0,North,1
LN001736,A,77848.0,26592.0,0.3518,655,7.0,Central,0
LN001737,B,32720.0,10009.0,0.3076,559,4.0,Central,0
LN001738,A,86985.0,24430.0,0.3163,702,14.4,Central,0
LN001739,A,108412.0,26174.0,0.277,797,6.1,North,0
LN001740,A,96870.0,23521.0,0.1614,541,1.2,North,1
LN001741,A,88402.0,26383.0,0.2827,573,12.5,Central,0
LN001742,B,79056.0,27739.0,0.2902,609,7.6,South,0
LN001743,A,97408.0,16124.0,0.1756,769,11.4,South,0
LN001744,A,110436.0,20430.0,0.1875,827,1.0,South,0
LN001745,A,63080.0,28699.0,0.4253,732,8.8,North,0
LN001746,A,80097.0,18203.0,0.2163,705,4.2,North,0
LN001747,A,93448.0,39951.0,0.4456,598,6.4,South,0
LN001748,A,92395.0,26980.0,0.2423,752,3.0,North,0
LN001749,A,139505.0,54934.0,0.3724,742,6.8,South,0
LN001750,A,111798.0,51804.0,0.4907,716,6.3,Central,1
LN001751,A,131585.0,39026.0,0.2525,798,1.0,Central,0
LN001752,A,111777.0,45162.0,0.3242,677,8.3,South,0
LN001753,A,105124.0,39171.0,0.4255,675,7.0,Central,0
LN001754,B,86169.0,24648.0,0.2805,652,7.0,Central,0
LN001755,A,45904.0,11924.0,0.2921,613,9.1,Central,0
LN001756,A,117258.0,18871.0,0.1893,749,3.5,North,0
LN001757,A,127314.0,43244.0,0.4087,734,2.8,South,0
LN001758,A,69758.0,25719.0,0.3639,759,12.8,South,0
LN001759,A,41085.0,11649.0,0.2687,640,7.4,South,1
LN001760,A,137836.0,62663.0,0.4391,700,8.7,Central,1
LN001761,B,22000.0,7976.0,0.3879,658,6.5,South,0
LN001762,B,51084.0,14249.0,0.2669,528,7.2,South,0
LN001763,A,57786.0,14145.0,0.2857,666,6.7,North,0
LN001764,A,91310.0,29799.0,0.317,715,1.5,North,0
LN001765,A,88001.0,12275.0,0.0781,727,27.9,Central,0
LN001766,A,99632.0,26529.0,0.2156,734,3.8,North,0
LN001767,A,96158.0,44690.0,0.4452,740,6.2,North,0
LN001768,A,60966.0,21327.0,0.3755,717,0.6,Central,0
LN001769,A,54901.0,21830.0,0.4332,768,2.8,Central,0
LN001770,A,82599.0,22491.0,0.3241,620,20.6,Central,0
LN001771,B,61763.0,25388.0,0.4096,640,2.0,Central,0
LN001772,B,62175.0,4000.0,0.0645,774,16.9,Central,0
LN001773,A,60176.0,16636.0,0.2702,687,4.5,Central,0
LN001774,A,50453.0,25341.0,0.549,682,6.2,Central,0
LN001775,A,95652.0,29825.0,0.3474,720,2.7,North,0
LN001776,A,57942.0,36937.0,0.5964,684,4.4,Central,1
LN001777,A,53640.0,4000.0,0.0716,736,11.6,North,0
LN001778,A,70940.0,20618.0,0.2556,701,13.5,North,0
LN001779,A,67750.0,20346.0,0.2574,779,5.9,South,0
LN001780,B,88184.0,26058.0,0.325,602,2.3,Central,0
LN001781,A,98752.0,16806.0,0.1451,656,3.9,South,0
LN001782,A,92942.0,30246.0,0.3523,685,4.5,North,1
LN001783,A,129456.0,20219.0,0.077,807,2.1,North,0
LN001784,A,85189.0,29987.0,0.4145,659,2.5,Central,0
LN001785,A,101135.0,43893.0,0.3398,686,8.1,Central,0
LN001786,A,68379.0,18484.0,0.2721,812,18.6,South,0
LN001787,A,32288.0,18583.0,0.5709,704,4.0,North,0
LN001788,A,55239.0,21956.0,0.4523,696,8.1,Central,0
LN001789,A,86285.0,34588.0,0.363,850,4.0,Central,0
LN001790,B,34797.0,10624.0,0.3246,627,7.5,North,0
LN001791,A,53481.0,22494.0,0.3434,585,11.6,Central,1
LN001792,A,62022.0,18193.0,0.3151,678,1.9,South,1
LN001793,B,60198.0,15238.0,0.2437,593,6.9,Central,0
LN001794,A,174036.0,29104.0,0.1179,683,3.2,North,0
LN001795,B,67529.0,39236.0,0.5718,633,3.4,South,0
LN001796,B,84568.0,24519.0,0.3273,565,6.2,Central,0
LN001797,B,46810.0,20215.0,0.3667,576,2.2,South,1
LN001798,A,99914.0,15060.0,0.2248,698,7.2,North,0
LN001799,A,38490.0,6967.0,0.2557,744,7.7,North,0
LN001800,A,50886.0,9655.0,0.2026,611,5.9,North,0
LN001801,B,61342.0,14902.0,0.2713,624,5.5,South,0
LN001802,A,54480.0,13748.0,0.2237,635,5.3,North,0
LN001803,A,66940.0,26839.0,0.4428,660,18.2,Central,0
LN001804,B,73124.0,12552.0,0.1407,638,6.4,Central,0
LN001805,A,101337.0,31965.0,0.3515,738,8.8,Central,0
LN001806,A,78800.0,18785.0,0.2615,763,10.3,Central,0
LN001807,A,103231.0,20508.0,0.1451,681,5.6,Central,0
LN001808,B,65720.0,15003.0,0.2491,662,2.2,Central,0
LN001809,A,100589.0,22929.0,0.3014,636,9.8,North,0
LN001810,A,90344.0,29796.0,0.3088,635,5.1,Central,0
LN001811,B,65354.0,27669.0,0.4184,542,1.4,South,0
LN001812,A,56307.0,29509.0,0.5436,675,14.6,Central,0
LN001813,A,74015.0,26910.0,0.3683,627,20.6,Central,0
LN001814,A,39152.0,13276.0,0.3571,783,8.4,Central,0
LN001815,B,60655.0,5284.0,0.1462,718,2.5,Central,0
LN001816,A,77284.0,33528.0,0.3824,730,5.6,North,0
LN001817,A,76656.0,21830.0,0.3081,720,16.3,North,0
LN001818,B,75514.0,18472.0,0.2652,585,9.6,Central,1
LN001819,B,37823.0,14746.0,0.3426,576,10.6,North,0
LN001820,A,111492.0,23833.0,0.221,666,9.5,South,0
LN001821,A,79271.0,33695.0,0.4885,781,13.8,North,0
LN001822,A,98342.0,45463.0,0.4592,816,4.0,Central,0
LN001823,A,88660.0,11610.0,0.2026,753,4.1,South,0
LN001824,B,73814.0,19624.0,0.2502,635,9.3,Central,0
LN001825,A,106891.0,26952.0,0.2263,752,8.6,North,0
LN001826,A,51768.0,4782.0,0.1097,702,2.7,Central,0
LN001827,A,99338.0,14533.0,0.1314,709,3.8,Central,0
LN001828,A,55244.0,8921.0,0.1956,691,19.6,North,0
LN001829,A,52342.0,9124.0,0.1219,801,3.7,North,0
LN001830,B,41767.0,13372.0,0.3583,729,17.4,South,0
LN001831,A,97156.0,21455.0,0.1917,745,14.1,Central,0
LN001832,B,55345.0,17518.0,0.309,688,7.4,North,0
LN001833,A,75926.0,24124.0,0.2782,647,4.0,South,0
LN001834,B,48227.0,15283.0,0.3489,735,2.9,North,0
LN001835,B,99402.0,45745.0,0.4725,678,9.0,North,0
LN001836,B,60859.0,33581.0,0.6614,591,8.7,North,0
LN001837,B,48588.0,15462.0,0.2971,608,4.2,Central,0
LN001838,A,93402.0,23220.0,0.2402,678,7.3,South,0
LN001839,B,70454.0,13569.0,0.1281,770,0.9,North,0
LN001840,A,42821.0,12851.0,0.2761,576,17.4,North,0
LN001841,A,58306.0,20090.0,0.4003,636,1.5,Central,0
LN001842,A,76407.0,34866.0,0.5195,641,3.3,North,1
LN001843,A,97603.0,26412.0,0.2595,652,5.2,North,0
LN001844,A,111447.0,36928.0,0.4329,784,6.4,South,0
LN001845,A,62437.0,10821.0,0.2163,647,5.2,Central,0
LN001846,B,71316.0,24452.0,0.3462,758,6.5,North,0
LN001847,A,126860.0,34051.0,0.2768,654,6.6,North,0
LN001848,A,87688.0,41427.0,0.4913,746,1.3,North,0
LN001849,A,85188.0,30794.0,0.3724,726,3.8,Central,0
LN001850,A,97536.0,22456.0,0.2819,626,7.3,Central,1
LN001851,B,71458.0,14716.0,0.185,636,9.5,North,0
LN001852,A,70131.0,38634.0,0.5143,757,11.0,Central,0
LN001853,A,98371.0,28945.0,0.3335,724,12.8,North,0
LN001854,A,83332.0,20276.0,0.2551,679,4.0,South,0
LN001855,B,71483.0,27602.0,0.3396,625,9.4,South,1
LN001856,A,64561.0,29600.0,0.4095,734,8.2,Central,0
LN001857,A,66940.0,22523.0,0.3767,632,1.4,Central,0
LN001858,A,76659.0,19874.0,0.2549,694,1.9,Central,0
LN001859,A,109392.0,18616.0,0.1448,626,9.6,South,0
LN001860,A,91309.0,29337.0,0.2913,827,0.5,Central,0
LN001861,B,70231.0,22489.0,0.3005,621,7.5,North,0
LN001862,A,60943.0,23924.0,0.4558,737,3.3,Central,0
LN001863,A,133366.0,32234.0,0.2202,719,7.3,Central,0
LN001864,B,38157.0,5443.0,0.0818,538,18.7,North,0
LN001865,A,56697.0,21687.0,0.445,814,0.3,North,0
LN001866,A,121046.0,34761.0,0.3577,650,10.2,North,0
LN001867,B,22000.0,5497.0,0.2703,668,14.3,Central,0
LN001868,A,110413.0,47425.0,0.3601,639,4.2,North,0
LN001869,B,63311.0,30090.0,0.4236,768,12.5,North,0
LN001870,A,74610.0,24673.0,0.3361,766,8.3,South,0
LN001871,A,66825.0,12366.0,0.2111,745,8.6,North,0
LN001872,A,112433.0,40882.0,0.3062,698,3.3,North,0
LN001873,A,65618.0,16242.0,0.2826,697,1.6,South,0
LN001874,A,74569.0,33035.0,0.3847,838,3.7,South,0
LN001875,B,55247.0,25469.0,0.5452,645,7.5,South,0
LN001876,B,41021.0,17887.0,0.4718,621,0.5,South,0
LN001877,B,34753.0,6277.0,0.189,593,5.5,North,0
LN001878,A,73534.0,19906.0,0.2356,750,3.0,South,0
LN001879,A,109655.0,32151.0,0.2586,799,3.0,Central,0
LN001880,A,105708.0,41632.0,0.4312,732,5.2,South,0
LN001881,A,55752.0,31408.0,0.5333,701,9.1,North,0
LN001882,A,102263.0,15248.0,0.1791,850,7.2,North,0
LN001883,A,69646.0,20070.0,0.2989,691,8.9,South,0
LN001884,A,66089.0,22921.0,0.2961,753,6.5,North,0
LN001885,A,96021.0,16644.0,0.1818,777,2.8,South,0
LN001886,B,66277.0,12790.0,0.1335,620,6.1,North,0
LN001887,A,72998.0,10154.0,0.1792,759,9.1,North,0
LN001888,B,37788.0,14025.0,0.342,597,1.8,North,0
LN001889,A,127653.0,24166.0,0.1167,663,1.7,North,0
LN001890,A,96834.0,42299.0,0.4387,734,3.1,Central,0
LN001891,A,81267.0,20377.0,0.2692,717,10.3,North,0
LN001892,B,45198.0,18156.0,0.4215,619,6.0,South,0
LN001893,A,107017.0,47481.0,0.4324,715,4.9,Central,1
LN001894,A,58888.0,10635.0,0.1478,793,4.8,Central,0
LN001895,A,47292.0,18840.0,0.378,641,3.4,South,0
LN001896,A,95959.0,7518.0,0.1242,649,4.5,South,0
LN001897,B,44122.0,20381.0,0.4654,722,4.7,South,0
LN001898,A,121029.0,55634.0,0.4559,702,15.8,North,0
LN001899,B,87804.0,13617.0,0.1563,685,7.3,Central,0
LN001900,A,71982.0,22858.0,0.3049,654,6.7,Central,0
LN001901,B,54342.0,10642.0,0.2092,651,6.6,Central,1
LN001902,A,73119.0,39391.0,0.5334,743,1.3,Central,0
LN001903,A,97919.0,28445.0,0.2518,701,9.2,Central,0
LN001904,A,120790.0,54109.0,0.4327,671,1.3,Central,1
LN001905,B,65943.0,33522.0,0.4617,691,3.5,North,0
LN001906,A,101224.0,35473.0,0.3452,720,3.2,South,0
LN001907,B,63983.0,6946.0,0.0637,660,10.9,Central,0
LN001908,A,73128.0,16875.0,0.2544,710,1.4,North,0
LN001909,A,90368.0,25432.0,0.2663,696,0.5,Central,0
LN001910,A,81769.0,25057.0,0.2834,608,2.9,North,0
LN001911,B,75478.0,26698.0,0.2771,617,2.0,Central,0
LN001912,B,70629.0,41186.0,0.5436,689,1.0,North,0
LN001913,A,69500.0,24362.0,0.2842,562,2.3,North,0
LN001914,B,64254.0,37227.0,0.5319,634,4.8,Central,0
LN001915,A,86098.0,33617.0,0.3117,624,3.3,Central,1
LN001916,A,75768.0,6759.0,0.0999,715,5.5,Central,0
LN001917,A,124709.0,36683.0,0.2602,703,1.5,Central,0
LN001918,A,49136.0,22706.0,0.4616,731,4.9,North,0
LN001919,B,83163.0,16889.0,0.3665,641,2.7,Central,0
LN001920,A,63995.0,29531.0,0.4443,815,5.4,Central,0
LN001921,B,76956.0,50377.0,0.587,594,4.1,North,1
LN001922,A,97017.0,21092.0,0.2414,755,4.8,South,0
LN001923,A,91430.0,27563.0,0.2735,786,3.7,North,0
LN001924,B,34674.0,8066.0,0.2343,731,9.2,Central,0
LN001925,A,117457.0,35714.0,0.2981,811,2.0,North,0
LN001926,A,81157.0,18754.0,0.2855,643,3.6,South,0
LN001927,A,113121.0,48151.0,0.468,705,21.3,Central,0
LN001928,A,68169.0,22255.0,0.2684,768,0.3,North,0
LN001929,A,111645.0,35531.0,0.3069,668,9.6,Central,0
LN001930,B,71320.0,4621.0,0.1299,680,5.1,South,0
LN001931,A,43554.0,13782.0,0.3142,672,4.3,Central,0
LN001932,A,89935.0,32160.0,0.4177,717,1.9,South,1
LN001933,A,142751.0,37702.0,0.2446,742,3.1,Central,0
LN001934,A,79657.0,17825.0,0.2729,750,12.3,North,0
LN001935,B,35207.0,10228.0,0.3705,767,5.2,Central,0
LN001936,A,105517.0,42164.0,0.4488,721,4.7,South,0
LN001937,A,65237.0,7986.0,0.1307,719,2.3,Central,0
LN001938,A,91857.0,33922.0,0.3518,739,5.2,South,0
LN001939,B,45621.0,14049.0,0.3028,682,1.3,Central,0
LN001940,B,40859.0,8447.0,0.2385,600,7.2,North,0
LN001941,A,80512.0,34637.0,0.4685,772,1.0,North,0
LN001942,B,55694.0,15315.0,0.3574,709,8.6,Central,0
LN001943,A,76512.0,41001.0,0.5394,651,10.1,North,0
LN001944,A,98448.0,23079.0,0.2009,825,9.7,Central,0
LN001945,A,41935.0,5780.0,0.1181,698,5.0,North,0
LN001946,A,70113.0,30558.0,0.4244,714,1.4,Central,1
LN001947,A,59031.0,16320.0,0.2362,660,25.5,North,0
LN001948,B,75131.0,20010.0,0.2647,803,10.3,North,0
LN001949,B,31929.0,10675.0,0.3309,704,1.8,North,0
LN001950,A,101043.0,31911.0,0.3548,782,3.6,South,0
LN001951,A,65188.0,26279.0,0.3949,652,5.4,South,1
LN001952,A,148676.0,53031.0,0.4866,693,0.6,North,0
LN001953,A,93313.0,26604.0,0.331,638,4.6,Central,1
LN001954,A,76892.0,11204.0,0.1175,745,14.0,South,0
LN001955,A,74992.0,21826.0,0.3037,722,2.8,North,0
LN001956,B,49147.0,11899.0,0.2311,680,0.7,North,0
LN001957,B,39526.0,21050.0,0.5037,689,12.8,North,0
LN001958,A,82033.0,20982.0,0.2116,752,14.3,Central,0
LN001959,B,44239.0,17976.0,0.4118,668,13.7,South,0
LN001960,A,95654.0,27940.0,0.3407,844,4.7,South,0
LN001961,B,30969.0,5373.0,0.2479,714,2.6,South,0
LN001962,A,78558.0,42352.0,0.5039,715,12.4,Central,0
LN001963,A,96594.0,19986.0,0.3,795,21.7,North,0
LN001964,A,100348.0,50021.0,0.4766,781,22.4,North,0
LN001965,A,69901.0,14155.0,0.2597,780,6.0,South,0
LN001966,A,119208.0,9986.0,0.1154,744,3.0,North,0
LN001967,A,127843.0,82502.0,0.6398,721,17.9,Central,0
LN001968,A,120673.0,37489.0,0.3186,677,6.3,North,0
LN001969,A,72751.0,12138.0,0.2185,683,9.2,North,0
LN001970,B,37641.0,18147.0,0.4433,614,10.6,South,1
LN001971,B,53764.0,13009.0,0.2693,680,10.4,Central,0
LN001972,A,134552.0,52977.0,0.4192,761,2.9,North,0
LN001973,A,46670.0,13107.0,0.2399,791,8.3,Central,0
LN001974,A,52731.0,34220.0,0.6962,748,2.9,North,0
LN001975,A,131001.0,55152.0,0.4262,626,8.2,South,0
LN001976,A,77174.0,7264.0,0.1339,693,8.4,North,1
LN001977,A,112784.0,46019.0,0.3833,696,4.8,Central,0
LN001978,A,142361.0,39669.0,0.2992,703,2.9,North,0
LN001979,A,92974.0,41741.0,0.4694,725,0.3,Central,0
LN001980,A,88923.0,23270.0,0.2634,694,1.6,North,0
LN001981,B,25935.0,7049.0,0.225,750,2.1,North,1
LN001982,B,22000.0,9283.0,0.4108,564,9.3,Central,0
LN001983,A,90323.0,22812.0,0.3098,712,3.4,North,0
LN001984,B,35699.0,14995.0,0.4556,635,6.7,North,0
LN001985,A,117779.0,4808.0,0.03,746,6.0,Central,0
LN001986,A,65049.0,26039.0,0.369,680,6.1,North,0
LN001987,A,82764.0,22638.0,0.3549,708,14.8,Central,0
LN001988,B,81239.0,38934.0,0.4387,673,8.6,North,0
LN001989,B,22000.0,11706.0,0.6122,581,3.4,Central,1
LN001990,A,83904.0,21044.0,0.2102,771,5.6,Central,0
LN001991,A,56873.0,22628.0,0.3462,697,5.9,Central,0
LN001992,B,47671.0,9388.0,0.2488,658,3.6,North,0
LN001993,A,99240.0,44785.0,0.5245,767,4.3,Central,0
LN001994,A,40029.0,19392.0,0.4278,850,5.0,Central,0
LN001995,A,56236.0,4000.0,0.03,745,7.1,North,0
LN001996,A,111666.0,42708.0,0.4071,778,7.0,Central,0
LN001997,A,123159.0,53980.0,0.4333,754,4.4,North,0
LN001998,B,54969.0,15630.0,0.2855,652,12.6,South,0
LN001999,B,67472.0,18885.0,0.2787,608,2.4,Central,0
LN002000,A,91916.0,6470.0,0.1273,628,7.0,South,0
LN002001,A,91562.0,33160.0,0.3801,700,9.7,Central,0
LN002002,B,60897.0,5622.0,0.083,665,6.2,Central,0
LN002003,A,63817.0,11376.0,0.2269,733,2.3,Central,0
LN002004,A,108106.0,29697.0,0.3046,594,7.1,North,0
LN002005,B,41921.0,16318.0,0.3561,565,7.8,North,0
LN002006,A,70489.0,29685.0,0.5101,595,2.1,South,1
LN002007,B,70562.0,34657.0,0.4552,817,11.2,South,0
LN002008,B,35863.0,14072.0,0.3785,694,8.3,North,0
LN002009,A,70782.0,28443.0,0.4121,738,1.0,Central,0
LN002010,A,116408.0,46831.0,0.3346,744,2.4,North,0
LN002011,A,88178.0,37333.0,0.4218,850,9.1,South,0
LN002012,A,85394.0,35190.0,0.3727,553,11.7,Central,1
LN002013,A,94900.0,18499.0,0.2477,691,8.5,Central,0
LN002014,A,95425.0,35447.0,0.3684,573,1.9,Central,1
LN002015,B,59984.0,26490.0,0.44,514,5.7,Central,1
LN002016,A,106153.0,38863.0,0.3713,662,4.7,North,0
LN002017,A,103720.0,46738.0,0.5276,798,4.5,South,0
LN002018,A,84188.0,30600.0,0.4289,695,11.2,Central,0
LN002019,A,116007.0,34943.0,0.3637,850,3.0,Central,0
LN002020,A,123825.0,39148.0,0.2812,623,9.5,Central,0
LN002021,B,72831.0,32814.0,0.4857,668,3.4,North,0
LN002022,A,55608.0,12761.0,0.2291,617,16.7,North,0
LN002023,A,82661.0,17605.0,0.2354,804,1.2,Central,0
LN002024,A,73826.0,24549.0,0.3861,679,5.9,North,1
LN002025,A,108306.0,55433.0,0.47,748,2.1,North,0
LN002026,A,93068.0,31255.0,0.2686,640,4.8,North,0
LN002027,A,85724.0,42577.0,0.4603,631,13.8,Central,0
LN002028,A,113183.0,46843.0,0.4296,798,2.6,Central,0
LN002029,A,74274.0,38544.0,0.4978,634,2.7,Central,1
LN002030,B,47382.0,17583.0,0.3875,660,18.8,Central,1
LN002031,A,66899.0,28653.0,0.4202,610,7.1,Central,0
LN002032,B,55248.0,13455.0,0.222,696,4.4,North,0
LN002033,A,91324.0,18239.0,0.2241,709,11.5,South,0
LN002034,A,72283.0,35179.0,0.428,692,5.0,Central,0
LN002035,A,101792.0,21129.0,0.1579,829,11.9,North,0
LN002036,A,74527.0,19565.0,0.2884,683,2.8,North,0
LN002037,A,65720.0,23063.0,0.3825,623,9.0,Central,0
LN002038,A,120346.0,33873.0,0.2414,635,5.3,North,1
LN002039,B,70239.0,17900.0,0.2123,773,4.8,North,0
LN002040,B,79250.0,18611.0,0.2286,594,10.1,North,1
LN002041,A,112906.0,50743.0,0.4622,713,6.6,Central,0
LN002042,B,58153.0,27785.0,0.4198,683,1.5,North,0
LN002043,A,74203.0,12066.0,0.1548,689,6.8,Central,0
LN002044,A,84059.0,26689.0,0.2752,815,0.2,Central,0
LN002045,A,88848.0,23407.0,0.3008,820,10.1,North,0
LN002046,A,105455.0,39137.0,0.365,802,8.1,North,0
LN002047,A,89954.0,17098.0,0.2481,766,11.0,South,0
LN002048,B,49334.0,16520.0,0.3095,709,8.0,South,0
LN002049,A,45165.0,15800.0,0.3598,780,4.1,Central,0
LN002050,A,92087.0,34467.0,0.4473,705,6.1,Central,0
LN002051,A,58947.0,9190.0,0.1816,628,12.2,South,0
LN002052,A,78592.0,4000.0,0.072,806,1.4,North,0
LN002053,A,73084.0,21187.0,0.2685,637,4.9,South,0
LN002054,A,45989.0,15947.0,0.4415,730,6.7,North,0
LN002055,A,43832.0,20283.0,0.4356,745,2.6,Central,0
LN002056,A,126679.0,36401.0,0.3384,556,8.4,North,0
LN002057,A,49589.0,5612.0,0.0976,729,19.1,Central,0
LN002058,A,72729.0,20285.0,0.2657,729,3.4,North,0
LN002059,A,88511.0,21350.0,0.2859,831,4.7,North,0
LN002060,B,50825.0,20823.0,0.4719,742,10.5,Central,0
LN002061,A,73433.0,19381.0,0.1628,776,3.8,Central,0
LN002062,A,124349.0,47113.0,0.2908,614,2.8,Central,0
LN002063,A,96994.0,16662.0,0.1759,805,6.9,Central,0
LN002064,B,44039.0,8781.0,0.2417,748,8.3,South,0
LN002065,A,76265.0,27425.0,0.3376,729,1.5,North,0
LN002066,A,63354.0,31352.0,0.5084,724,3.8,South,0
LN002067,A,34680.0,4000.0,0.0944,850,8.9,North,0
LN002068,A,22000.0,5845.0,0.2716,726,4.0,Central,0
LN002069,A,84831.0,27615.0,0.3084,681,17.6,North,0
LN002070,B,71164.0,34023.0,0.4328,700,9.4,Central,0
LN002071,A,142417.0,17621.0,0.1601,699,1.4,Central,0
LN002072,A,93382.0,20647.0,0.3002,714,16.7,South,0
LN002073,A,106118.0,51428.0,0.3931,647,6.5,Central,0
LN002074,B,58872.0,21992.0,0.3745,639,2.5,South,0
LN002075,A,108843.0,25527.0,0.2245,767,1.6,North,0
LN002076,A,80050.0,15109.0,0.2412,777,7.7,South,0
LN002077,A,53199.0,20842.0,0.4069,740,7.7,South,1
LN002078,A,118777.0,41766.0,0.3322,717,2.3,North,0
LN002079,A,101514.0,39693.0,0.3378,697,4.8,Central,0
LN002080,A,81754.0,12177.0,0.1779,650,5.4,South,0
LN002081,A,56200.0,35920.0,0.6797,610,2.4,North,0
LN002082,A,112931.0,34661.0,0.3602,708,2.1,North,0
LN002083,B,56903.0,22726.0,0.4246,676,7.4,South,0
LN002084,A,136457.0,27517.0,0.1584,699,2.3,Central,0
LN002085,A,84558.0,42535.0,0.4837,728,0.3,South,0
LN002086,A,60761.0,7657.0,0.1083,620,6.4,Central,0
LN002087,A,64315.0,17150.0,0.2422,707,5.7,South,0
LN002088,A,109543.0,55504.0,0.5369,685,6.3,South,1
LN002089,A,109833.0,14774.0,0.0424,681,3.0,Central,0
LN002090,A,82942.0,31112.0,0.364,734,8.8,North,0
LN002091,A,120368.0,33949.0,0.3029,701,8.4,South,0
LN002092,A,70666.0,16304.0,0.2484,624,11.9,North,0
LN002093,A,75113.0,21803.0,0.299,738,10.4,North,0
LN002094,B,69284.0,16069.0,0.2334,675,9.3,Central,0
LN002095,A,85514.0,34348.0,0.4496,839,8.9,Central,0
LN002096,A,55969.0,23179.0,0.4306,645,4.9,South,0
LN002097,A,80473.0,25488.0,0.3845,598,10.3,Central,1
LN002098,A,114147.0,37398.0,0.3593,695,12.2,North,0
LN002099,A,110012.0,53772.0,0.4965,628,10.6,South,0
LN002100,A,92040.0,30945.0,0.3013,641,0.5,North,1
LN002101,A,36023.0,11326.0,0.3155,656,3.4,Central,1
LN002102,A,69147.0,9060.0,0.1514,744,10.7,North,0
LN002103,A,107065.0,16108.0,0.0914,759,5.0,North,0
LN002104,A,79126.0,13361.0,0.1795,656,8.5,South,0
LN002105,A,103248.0,21943.0,0.1429,734,2.7,Central,0
LN002106,A,81955.0,14076.0,0.1775,736,4.0,South,0
LN002107,A,85079.0,31834.0,0.4456,776,4.4,North,0
LN002108,B,42832.0,10056.0,0.2182,661,1.4,Central,0
LN002109,A,116999.0,46415.0,0.3675,786,4.9,North,0
LN002110,B,80334.0,16942.0,0.2455,771,6.2,Central,0
LN002111,A,129584.0,37418.0,0.3136,670,5.6,South,0
LN002112,A,76030.0,22979.0,0.3192,711,12.8,South,0
LN002113,A,81549.0,43070.0,0.4727,711,2.9,North,0
LN002114,B,66762.0,26456.0,0.3899,685,3.8,Central,0
LN002115,A,33265.0,10357.0,0.3438,783,9.0,South,0
LN002116,A,93777.0,29780.0,0.3165,755,6.8,North,0
LN002117,A,121812.0,40658.0,0.2822,804,2.3,Central,0
LN002118,A,33251.0,13396.0,0.3794,828,13.1,North,0
LN002119,B,96057.0,13039.0,0.1102,631,1.1,North,0
LN002120,A,71724.0,17238.0,0.2836,812,10.0,North,0
LN002121,A,83642.0,33151.0,0.3309,697,2.8,South,0
LN002122,A,87135.0,19554.0,0.1774,612,5.2,South,1
LN002123,A,83284.0,8323.0,0.1369,625,7.5,South,1
LN002124,B,43281.0,15183.0,0.35,657,14.8,South,0
LN002125,A,77956.0,27315.0,0.378,799,6.2,North,0
LN002126,A,55394.0,22997.0,0.4969,719,2.5,Central,0
LN002127,B,62633.0,20526.0,0.3915,685,2.4,South,0
LN002128,A,129635.0,59688.0,0.4834,814,4.3,Central,0
LN002129,B,62572.0,23422.0,0.3637,705,2.6,South,0
LN002130,A,52090.0,19627.0,0.4669,640,3.0,North,0
LN002131,A,48520.0,4000.0,0.041,700,3.7,North,0
LN002132,A,95515.0,31658.0,0.3614,674,4.5,North,0
LN002133,A,95450.0,42235.0,0.4472,734,13.3,North,0
LN002134,A,107821.0,33577.0,0.326,844,13.5,North,0
LN002135,A,78380.0,28518.0,0.3236,772,7.5,North,1
LN002136,A,125528.0,39344.0,0.3174,690,8.2,North,0
LN002137,B,50618.0,19020.0,0.3888,661,6.1,South,0
LN002138,A,96420.0,48881.0,0.4989,777,14.1,Central,0
LN002139,A,70483.0,21705.0,0.2431,758,4.1,South,0
LN002140,B,25752.0,8409.0,0.2911,562,2.6,Central,0
LN002141,A,70792.0,21353.0,0.3687,721,5.1,South,0
LN002142,B,50036.0,23888.0,0.4641,697,4.7,Central,0
LN002143,A,80855.0,28816.0,0.3846,731,7.3,Central,0
LN002144,A,74588.0,42700.0,0.5981,721,4.7,Central,1
LN002145,A,95808.0,36106.0,0.3938,719,16.9,North,1
LN002146,B,56871.0,28184.0,0.4695,801,2.5,North,0
LN002147,A,101604.0,64859.0,0.6114,676,5.0,North,0
LN002148,A,50645.0,20806.0,0.4246,684,1.2,Central,0
LN002149,B,60414.0,24694.0,0.3801,736,4.0,Central,0
LN002150,B,68797.0,12518.0,0.1197,605,3.8,Central,0
LN002151,A,63534.0,11829.0,0.1961,646,3.7,Central,0
LN002152,A,61039.0,14269.0,0.2335,798,1.6,North,0
LN002153,A,70715.0,16627.0,0.2895,740,4.5,South,0
LN002154,B,42133.0,9827.0,0.2773,583,10.3,North,0
LN002155,A,109819.0,29929.0,0.3414,741,5.8,Central,0
LN002156,A,70845.0,9812.0,0.2029,798,3.5,Central,0
LN002157,A,145726.0,75154.0,0.5408,679,0.6,North,0
LN002158,A,111211.0,37343.0,0.3446,763,4.7,Central,0
LN002159,B,56547.0,30343.0,0.5223,579,3.0,Central,0
LN002160,A,105851.0,36423.0,0.3278,763,2.5,North,0
LN002161,A,93375.0,42108.0,0.4482,712,6.6,Central,0
LN002162,A,111352.0,28928.0,0.1837,718,11.2,South,1
LN002163,A,77850.0,36537.0,0.4965,762,12.5,Central,0
LN002164,A,91012.0,31245.0,0.3648,732,2.2,North,0
LN002165,A,93748.0,38221.0,0.3785,679,3.2,North,0
LN002166,B,105477.0,31610.0,0.2218,549,8.7,Central,1
LN002167,A,81272.0,12549.0,0.1019,741,13.9,North,0
LN002168,A,29367.0,6331.0,0.1977,713,7.1,South,0
LN002169,B,48216.0,13774.0,0.2163,542,8.9,Central,0
LN002170,B,65785.0,24806.0,0.3006,683,11.0,South,0
LN002171,A,39522.0,14620.0,0.418,645,7.8,Central,1
LN002172,B,77818.0,13169.0,0.194,777,3.4,South,0
LN002173,B,67241.0,23945.0,0.3437,674,5.6,North,0
LN002174,A,70399.0,31506.0,0.4443,773,5.0,Central,0
LN002175,A,83869.0,15074.0,0.1709,638,11.8,North,0
LN002176,A,154295.0,32954.0,0.1915,850,1.3,South,0
LN002177,A,112368.0,31702.0,0.2457,670,1.3,North,0
LN002178,A,58311.0,21800.0,0.3335,745,2.3,North,0
LN002179,B,48887.0,30835.0,0.6254,647,13.8,North,0
LN002180,A,78899.0,14631.0,0.1593,780,6.5,North,0
LN002181,A,85248.0,39574.0,0.4544,677,1.7,North,0
LN002182,A,69997.0,23703.0,0.3703,731,4.8,North,0
LN002183,A,65274.0,38604.0,0.5283,659,1.3,North,1
LN002184,B,41547.0,24878.0,0.6163,803,13.9,Central,1
LN002185,A,82663.0,16588.0,0.2184,768,3.0,South,0
LN002186,B,55528.0,11731.0,0.2243,640,4.2,South,0
LN002187,A,71067.0,15524.0,0.1749,677,1.6,North,0
LN002188,A,137160.0,20473.0,0.1453,718,14.3,Central,0
LN002189,A,108642.0,5788.0,0.1211,669,9.1,North,0
LN002190,B,31590.0,10825.0,0.4288,623,12.9,North,0
LN002191,A,94225.0,36070.0,0.4022,677,3.5,North,1
LN002192,A,102223.0,26979.0,0.2459,729,6.5,North,0
LN002193,B,43544.0,15162.0,0.4035,698,10.1,Central,0
LN002194,A,62828.0,24991.0,0.4101,850,6.1,Central,0
LN002195,A,77275.0,20078.0,0.2608,606,5.8,South,1
LN002196,B,46158.0,22832.0,0.5531,601,10.8,Central,1
LN002197,A,99563.0,38237.0,0.3636,791,4.0,Central,0
LN002198,A,95738.0,40864.0,0.4309,784,7.3,North,0
LN002199,B,65413.0,4000.0,0.05,811,5.8,Central,0
LN002200,A,89830.0,15614.0,0.216,645,1.5,South,0
LN002201,A,104815.0,36001.0,0.3743,850,5.2,North,0
LN002202,B,65761.0,19159.0,0.2976,760,6.0,North,0
LN002203,A,121006.0,43877.0,0.3489,850,8.6,Central,0
LN002204,A,37108.0,13206.0,0.3522,678,3.8,Central,0
LN002205,B,22000.0,4467.0,0.1191,696,7.5,North,0
LN002206,B,42211.0,15085.0,0.3361,597,3.3,North,0
LN002207,B,70301.0,20909.0,0.2249,770,17.8,Central,0
LN002208,A,47459.0,21131.0,0.3553,643,6.1,South,0
LN002209,A,103184.0,32114.0,0.3203,613,4.9,South,0
LN002210,B,84956.0,17810.0,0.2307,692,0.9,South,0
LN002211,A,109737.0,15225.0,0.1342,698,3.5,Central,0
LN002212,B,63171.0,24217.0,0.4279,750,1.2,Central,0
LN002213,B,81735.0,43656.0,0.5511,640,11.2,North,0
LN002214,B,50671.0,17406.0,0.3161,604,8.1,Central,0
LN002215,A,76635.0,27677.0,0.3215,646,9.8,Central,0
LN002216,A,136033.0,26470.0,0.1844,705,2.3,Central,0
LN002217,A,91151.0,22850.0,0.2775,774,3.1,North,0
LN002218,A,131949.0,33810.0,0.214,818,3.4,Central,0
LN002219,A,65565.0,22970.0,0.3774,684,10.1,Central,0
LN002220,B,100943.0,28598.0,0.2752,729,12.8,South,0
LN002221,A,129524.0,40647.0,0.3051,712,2.6,Central,0
LN002222,A,101756.0,27924.0,0.3019,754,7.8,South,0
LN002223,A,114320.0,27873.0,0.2539,819,16.1,Central,0
LN002224,A,81516.0,33990.0,0.4257,648,4.4,Central,1
LN002225,A,104418.0,27112.0,0.2035,659,7.1,Central,0
LN002226,B,65073.0,24975.0,0.3937,636,5.5,North,0
LN002227,A,102259.0,48397.0,0.5005,640,1.6,North,0
LN002228,A,127187.0,54184.0,0.3613,694,3.5,North,0
LN002229,B,74886.0,26286.0,0.3298,701,0.8,South,0
LN002230,B,54786.0,25403.0,0.4704,649,8.9,Central,0
LN002231,A,63650.0,13458.0,0.1212,745,5.5,Central,0
LN002232,A,98928.0,22389.0,0.1908,752,8.3,Central,0
LN002233,A,69353.0,21790.0,0.2954,746,3.9,North,0
LN002234,A,114949.0,49665.0,0.4632,688,1.9,Central,0
LN002235,A,92614.0,20200.0,0.2211,675,5.8,Central,0
LN002236,A,53209.0,13525.0,0.3146,814,3.0,Central,0
LN002237,B,110365.0,21505.0,0.1797,728,0.3,South,0
LN002238,A,111801.0,37335.0,0.277,740,4.7,Central,0
LN002239,A,110114.0,38395.0,0.3629,700,5.5,Central,0
LN002240,A,55885.0,24437.0,0.4222,654,6.7,North,0
LN002241,A,135881.0,43318.0,0.3837,613,1.4,North,0
LN002242,A,71349.0,25392.0,0.3898,738,4.6,South,0
LN002243,A,73403.0,31579.0,0.4177,807,0.9,Central,0
LN002244,A,94102.0,17265.0,0.2412,762,8.5,North,0
LN002245,A,71328.0,12500.0,0.204,798,4.0,North,0
LN002246,B,58739.0,25608.0,0.4691,701,20.3,Central,0
LN002247,A,30999.0,12419.0,0.3853,695,8.3,South,0
LN002248,B,48401.0,4556.0,0.1778,782,5.3,North,0
LN002249,B,34844.0,14110.0,0.401,603,4.3,North,0
LN002250,B,47237.0,12207.0,0.2354,658,2.3,North,0
LN002251,A,144451.0,80901.0,0.5598,604,1.6,North,0
LN002252,A,64775.0,19803.0,0.2972,664,9.5,Central,0
LN002253,A,80672.0,9915.0,0.1589,630,8.7,North,0
LN002254,A,80529.0,23969.0,0.3214,780,4.8,North,0
LN002255,B,22000.0,5692.0,0.2282,689,3.5,Central,0
LN002256,A,59011.0,29277.0,0.4534,783,6.6,South,0
LN002257,A,75879.0,21102.0,0.3581,689,1.7,Central,0
LN002258,A,107272.0,27075.0,0.2109,689,6.4,Central,0
LN002259,A,81703.0,21897.0,0.2899,702,20.2,North,0
LN002260,A,66728.0,20416.0,0.2942,696,7.5,North,0
LN002261,A,77377.0,11183.0,0.15,779,1.7,Central,0
LN002262,A,94822.0,45947.0,0.5259,788,6.6,North,0
LN002263,B,46537.0,20952.0,0.5474,807,2.8,South,0
LN002264,B,73779.0,17527.0,0.2637,720,16.3,Central,0
LN002265,A,53828.0,17510.0,0.3861,776,9.4,Central,0
LN002266,A,80119.0,25799.0,0.2234,772,1.4,Central,0
LN002267,B,70256.0,35644.0,0.5034,590,14.8,North,0
LN002268,A,115788.0,41350.0,0.4291,758,7.5,Central,0
LN002269,A,108005.0,63620.0,0.6868,726,14.6,Central,0
LN002270,A,74277.0,18638.0,0.2924,697,1.1,North,0
LN002271,A,126381.0,45690.0,0.3072,636,4.3,Central,0
LN002272,A,108114.0,28885.0,0.2216,708,2.3,North,0
LN002273,B,39550.0,12006.0,0.3079,628,10.2,North,0
LN002274,A,111037.0,47210.0,0.4625,702,8.1,Central,0
LN002275,A,74429.0,14773.0,0.1947,618,8.3,Central,0
LN002276,B,46482.0,24697.0,0.5356,628,7.3,South,1
LN002277,B,73477.0,37973.0,0.4981,662,3.8,Central,1
LN002278,A,65324.0,29539.0,0.3779,719,5.6,North,0
LN002279,A,82843.0,21556.0,0.2803,680,12.3,North,0
LN002280,B,50230.0,16343.0,0.3543,672,15.5,South,0
LN002281,A,52773.0,15163.0,0.2682,744,12.5,Central,0
LN002282,A,65294.0,18733.0,0.2679,693,2.9,South,0
LN002283,A,107077.0,29607.0,0.3185,611,14.2,North,0
LN002284,B,69437.0,22015.0,0.3413,740,6.6,South,0
LN002285,B,56267.0,23214.0,0.4086,647,16.7,North,0
LN002286,B,60942.0,10997.0,0.1498,672,4.5,North,0
LN002287,A,69598.0,8671.0,0.101,709,3.6,South,0
LN002288,A,36030.0,13836.0,0.3992,801,2.3,North,0
LN002289,A,53041.0,17867.0,0.2771,643,2.6,South,0
LN002290,A,71338.0,27322.0,0.2781,673,11.9,Central,0
LN002291,A,75984.0,26741.0,0.3275,703,4.7,South,0
LN002292,B,43619.0,14248.0,0.3044,702,10.5,North,0
LN002293,A,49258.0,17509.0,0.3792,745,8.8,North,0
LN002294,A,94412.0,27101.0,0.3573,612,6.9,North,0
LN002295,A,83585.0,26663.0,0.3043,679,11.5,South,0
LN002296,B,81343.0,15485.0,0.2132,683,8.5,South,0
LN002297,B,56230.0,20738.0,0.3587,699,7.1,South,0
LN002298,A,53975.0,23847.0,0.3891,840,9.0,South,0
LN002299,A,109872.0,45361.0,0.466,753,2.3,North,0
LN002300,A,89951.0,32225.0,0.3426,622,10.4,North,0
LN002301,A,87780.0,39098.0,0.4653,686,3.6,Central,0
LN002302,B,41331.0,16041.0,0.4226,591,10.5,South,0
LN002303,A,118533.0,69611.0,0.5513,674,3.2,Central,1
LN002304,A,41949.0,10545.0,0.2354,681,5.8,Central,0
LN002305,A,106036.0,26975.0,0.2536,688,7.8,North,0
LN002306,A,92423.0,51623.0,0.5514,607,5.6,North,0
LN002307,A,50300.0,17033.0,0.3516,661,5.8,Central,0
LN002308,A,56639.0,24469.0,0.4731,631,3.4,North,1
LN002309,A,105306.0,57379.0,0.4565,756,32.0,South,0
LN002310,A,58050.0,19056.0,0.3277,774,7.0,North,0
LN002311,A,40713.0,13643.0,0.3219,729,8.1,South,0
LN002312,A,51460.0,22465.0,0.5134,652,0.3,North,0
LN002313,A,69540.0,13669.0,0.256,702,4.3,South,0
LN002314,A,87929.0,32541.0,0.3263,739,3.3,Central,0
LN002315,A,105028.0,21902.0,0.2422,746,5.7,Central,0
LN002316,A,67731.0,21232.0,0.3062,607,8.0,Central,0
LN002317,A,71439.0,22334.0,0.3653,759,2.7,North,0
LN002318,A,53230.0,15705.0,0.35,674,10.0,Central,0
LN002319,B,75091.0,27095.0,0.4022,714,17.3,North,0
LN002320,A,68071.0,18002.0,0.2403,727,6.6,Central,0
LN002321,A,96367.0,28298.0,0.2213,746,16.7,South,0
LN002322,B,80599.0,26712.0,0.3259,626,5.4,South,0
LN002323,A,114952.0,67100.0,0.5745,717,4.9,North,0
LN002324,A,53968.0,26643.0,0.5214,675,17.5,Central,0
LN002325,B,58463.0,26010.0,0.4122,605,7.3,South,0
LN002326,A,70403.0,16527.0,0.2032,712,1.4,Central,0
LN002327,A,148573.0,63687.0,0.4501,772,6.9,North,0
LN002328,B,41673.0,23726.0,0.5597,696,7.8,North,0
LN002329,A,48296.0,20067.0,0.3604,629,12.3,North,0
LN002330,A,82826.0,17689.0,0.1953,791,5.5,North,0
LN002331,A,124000.0,35986.0,0.3094,759,3.5,Central,0
LN002332,A,65337.0,15182.0,0.222,658,3.2,North,0
LN002333,A,128620.0,15732.0,0.1126,761,10.5,South,0
LN002334,A,93429.0,23914.0,0.2602,811,15.6,Central,0
LN002335,A,66462.0,22691.0,0.3173,705,5.6,South,0
LN002336,A,87092.0,20165.0,0.2614,743,2.6,North,0
LN002337,A,102630.0,25214.0,0.2792,821,3.5,North,0
LN002338,B,51489.0,19827.0,0.4555,630,8.4,North,0
LN002339,A,63496.0,4000.0,0.1445,666,3.0,Central,0
LN002340,A,83433.0,27476.0,0.3601,763,4.5,South,0
LN002341,A,85286.0,51643.0,0.6125,708,6.0,Central,0
LN002342,A,44065.0,10480.0,0.1872,846,7.3,South,0
LN002343,A,81426.0,12769.0,0.1758,732,1.6,Central,1
LN002344,A,122453.0,10750.0,0.1296,626,8.5,North,0
LN002345,A,48125.0,16889.0,0.3567,763,6.6,Central,0
LN002346,A,66230.0,22050.0,0.2834,708,11.0,South,0
LN002347,A,59443.0,26835.0,0.532,791,3.8,North,0
LN002348,A,76357.0,8326.0,0.0891,737,1.4,Central,1
LN002349,A,58612.0,15554.0,0.2887,814,10.0,North,0
LN002350,A,94353.0,8338.0,0.1248,740,5.5,South,0
LN002351,A,87995.0,20480.0,0.2387,730,4.5,South,0
LN002352,A,81655.0,17837.0,0.1728,746,16.5,Central,0
LN002353,A,61585.0,20361.0,0.3322,726,3.6,North,0
LN002354,A,84829.0,27940.0,0.269,772,10.7,South,0
LN002355,A,47409.0,5877.0,0.0881,807,5.3,North,0
LN002356,A,42996.0,12061.0,0.2599,692,3.7,Central,0
LN002357,A,66964.0,30232.0,0.4562,738,4.8,Central,0
LN002358,A,81112.0,12220.0,0.1584,731,7.0,South,0
LN002359,A,46729.0,18508.0,0.4081,676,5.1,North,0
LN002360,B,76730.0,20388.0,0.2816,671,9.8,North,0
LN002361,A,74306.0,26270.0,0.2991,804,7.6,North,0
LN002362,A,57163.0,15460.0,0.2386,768,3.5,North,0
LN002363,A,67270.0,14751.0,0.3215,602,2.1,Central,0
LN002364,A,77109.0,11174.0,0.1655,679,4.5,North,0
LN002365,A,86531.0,25659.0,0.3556,730,8.6,North,0
LN002366,A,64638.0,18274.0,0.2527,655,1.6,Central,0
LN002367,B,64911.0,25523.0,0.3423,641,1.7,North,0
LN002368,A,84786.0,8202.0,0.0583,729,6.5,North,0
LN002369,B,45178.0,14855.0,0.3736,661,4.9,North,0
LN002370,A,42634.0,18764.0,0.4648,763,8.4,North,0
LN002371,B,57456.0,27295.0,0.4837,786,27.8,Central,0
LN002372,A,80139.0,25009.0,0.2868,662,4.2,Central,1
LN002373,A,94272.0,39742.0,0.4037,748,6.3,North,0
LN002374,A,88036.0,25412.0,0.31,557,9.4,Central,0
LN002375,A,120280.0,46493.0,0.3118,679,2.3,Central,0
LN002376,A,73578.0,9065.0,0.0939,609,2.8,Central,0
LN002377,A,135025.0,60677.0,0.4928,631,9.3,Central,1
LN002378,A,72920.0,25830.0,0.3293,716,4.3,North,0
LN002379,B,40270.0,18913.0,0.4307,592,5.8,Central,0
LN002380,B,73108.0,11818.0,0.1232,562,2.1,North,0
LN002381,A,78593.0,41181.0,0.5409,766,6.2,Central,0
LN002382,A,72743.0,14360.0,0.2186,799,6.4,South,0
LN002383,B,51764.0,16611.0,0.3655,676,2.4,South,0
LN002384,A,119027.0,56615.0,0.4997,711,6.1,North,0
LN002385,A,107920.0,34310.0,0.2875,776,6.0,South,0
LN002386,A,87211.0,7939.0,0.0712,680,5.5,South,0
LN002387,A,103060.0,22111.0,0.218,733,8.0,Central,0
LN002388,A,91811.0,26927.0,0.2919,769,5.2,North,0
LN002389,A,102956.0,33000.0,0.3132,705,3.3,North,1
LN002390,B,42695.0,9324.0,0.2961,691,3.7,North,0
LN002391,A,107020.0,38934.0,0.4149,763,5.4,North,0
LN002392,B,82243.0,9262.0,0.03,705,5.4,North,0
LN002393,A,68357.0,19673.0,0.3675,629,6.0,Central,0
LN002394,A,49180.0,4830.0,0.092,700,5.4,South,0
LN002395,A,97977.0,24815.0,0.2807,716,6.9,Central,0
LN002396,A,69418.0,20686.0,0.3396,787,2.2,Central,0
LN002397,B,70651.0,24131.0,0.2922,676,18.1,South,0
LN002398,B,38231.0,14935.0,0.3812,628,4.7,Central,0
LN002399,B,43791.0,11425.0,0.3121,688,7.2,North,0
LN002400,A,90339.0,42003.0,0.5295,696,6.1,North,0
LN002401,A,72389.0,34609.0,0.439,746,5.1,North,0
LN002402,A,96372.0,40083.0,0.3907,765,13.0,North,0
LN002403,A,89400.0,24039.0,0.3108,746,6.0,South,0
LN002404,A,103020.0,28640.0,0.2557,760,1.7,North,0
LN002405,A,92233.0,34129.0,0.3476,721,2.1,North,0
LN002406,B,53639.0,16793.0,0.3448,666,4.0,North,0
LN002407,B,84504.0,20501.0,0.2849,588,1.5,Central,0
LN002408,A,70947.0,39729.0,0.6235,795,5.6,South,0
LN002409,B,36156.0,15100.0,0.3669,600,15.2,South,0
LN002410,A,85698.0,18933.0,0.167,634,19.4,North,0
LN002411,B,87974.0,30202.0,0.3324,526,17.9,North,0
LN002412,A,91282.0,20214.0,0.1694,633,14.6,North,0
LN002413,A,143879.0,27716.0,0.2331,696,10.2,South,0
LN002414,A,79947.0,41908.0,0.5074,837,7.4,Central,0
LN002415,A,71600.0,28196.0,0.3763,700,6.8,Central,0
LN002416,A,88066.0,32582.0,0.3407,649,12.7,South,0
LN002417,A,105715.0,21411.0,0.2576,667,3.4,Central,1
LN002418,B,64776.0,28361.0,0.4185,653,6.4,Central,0
LN002419,A,40092.0,9388.0,0.1696,744,2.4,North,0
LN002420,B,53879.0,4379.0,0.03,799,4.0,Central,0
LN002421,A,69267.0,16360.0,0.2819,821,13.1,South,0
LN002422,B,61978.0,8626.0,0.0651,605,3.8,Central,0
LN002423,A,51903.0,20580.0,0.4138,766,7.8,Central,0
LN002424,B,58883.0,6061.0,0.1178,699,1.6,South,0
LN002425,B,98412.0,35856.0,0.3946,691,6.7,North,1
LN002426,A,85099.0,27727.0,0.3394,808,7.1,North,0
LN002427,A,98375.0,41979.0,0.4262,777,10.4,South,0
LN002428,B,90574.0,15036.0,0.1803,578,7.3,Central,0
LN002429,A,92737.0,35262.0,0.4599,736,1.8,South,0
LN002430,A,121771.0,32279.0,0.2871,650,3.4,Central,0
LN002431,B,53286.0,7434.0,0.1316,715,11.1,North,0
LN002432,A,64133.0,5698.0,0.0727,737,5.7,Central,0
LN002433,A,102749.0,36818.0,0.3081,720,1.8,North,0
LN002434,A,58929.0,15710.0,0.3048,712,1.4,Central,0
LN002435,A,103114.0,21808.0,0.2984,641,14.2,South,0
LN002436,A,91813.0,37808.0,0.4072,716,9.1,North,0
LN002437,B,65761.0,15080.0,0.2003,649,2.2,Central,0
LN002438,A,91244.0,29537.0,0.349,642,0.4,South,0
LN002439,A,126763.0,56570.0,0.4974,666,14.5,Central,0
LN002440,A,102866.0,33105.0,0.3205,649,14.9,North,0
LN002441,A,56120.0,15517.0,0.3595,608,6.0,Central,0
LN002442,A,109413.0,51835.0,0.5473,789,5.0,South,1
LN002443,B,68681.0,12582.0,0.1196,767,9.8,North,0
LN002444,A,74675.0,13744.0,0.1397,730,2.9,South,0
LN002445,A,111916.0,48633.0,0.4178,755,4.1,North,1
LN002446,A,87645.0,22564.0,0.2205,747,21.3,Central,0
LN002447,B,50987.0,15769.0,0.3118,686,8.4,South,0
LN002448,A,52460.0,15894.0,0.4014,676,11.5,North,0
LN002449,A,92450.0,26692.0,0.3659,667,4.5,North,0
LN002450,A,80575.0,18629.0,0.2874,667,1.6,North,0
LN002451,B,68747.0,26224.0,0.3757,544,13.8,North,0
LN002452,A,66385.0,8720.0,0.076,653,2.3,Central,0
LN002453,B,68045.0,16663.0,0.227,608,5.5,Central,0
LN002454,B,49021.0,24079.0,0.4971,553,8.5,North,0
LN002455,A,103339.0,28665.0,0.2554,733,10.2,Central,0
LN002456,A,90552.0,29340.0,0.3257,791,5.0,North,0
LN002457,A,67523.0,23615.0,0.3352,718,1.3,North,0
LN002458,A,47063.0,12470.0,0.2585,794,14.9,North,0
LN002459,A,89191.0,40862.0,0.4925,608,17.8,North,1
LN002460,A,87310.0,15828.0,0.1923,783,3.6,Central,0
LN002461,A,107914.0,30966.0,0.2854,728,7.2,South,0
LN002462,A,122402.0,35126.0,0.3485,850,6.8,Central,0
LN002463,A,111772.0,35625.0,0.3753,800,0.5,Central,0
LN002464,B,61762.0,16320.0,0.313,579,7.4,North,0
LN002465,A,87597.0,25634.0,0.3233,690,6.8,Central,1
LN002466,A,98279.0,17779.0,0.1735,687,13.1,Central,0
LN002467,A,81654.0,18996.0,0.2279,745,5.0,North,0
LN002468,A,118026.0,42813.0,0.4423,772,2.2,North,0
LN002469,A,99675.0,14272.0,0.1753,827,7.1,Central,0
LN002470,A,95036.0,11448.0,0.0334,850,6.5,South,0
LN002471,A,95164.0,32765.0,0.3627,785,8.2,South,0
LN002472,B,50065.0,13654.0,0.3483,602,2.1,Central,0
LN002473,A,118861.0,40429.0,0.3461,724,7.3,South,0
LN002474,B,50684.0,19252.0,0.4247,757,5.0,South,0
LN002475,B,52358.0,17308.0,0.286,693,9.3,North,0
LN002476,B,46695.0,7146.0,0.1318,705,4.1,North,0
LN002477,B,71902.0,17941.0,0.2683,615,5.7,Central,0
LN002478,A,86728.0,26489.0,0.2794,819,7.1,Central,0
LN002479,B,44462.0,13210.0,0.3178,628,17.8,South,0
LN002480,A,95649.0,33401.0,0.3809,773,1.3,North,0
LN002481,B,70092.0,16969.0,0.2006,643,9.5,North,0
LN002482,A,73128.0,30883.0,0.4348,689,6.4,North,0
LN002483,A,102815.0,34181.0,0.3528,817,3.3,Central,0
LN002484,A,98299.0,41146.0,0.3508,747,8.5,Central,0
LN002485,B,76305.0,18920.0,0.2191,692,5.6,Central,0
LN002486,B,54407.0,22802.0,0.4501,566,19.7,Central,0
LN002487,A,118245.0,34363.0,0.3561,779,13.1,North,0
LN002488,A,74645.0,37308.0,0.4522,740,3.1,North,0
LN002489,A,71933.0,13863.0,0.1539,717,5.7,South,0
LN002490,B,37813.0,11387.0,0.3281,670,3.2,North,0
LN002491,A,94262.0,32281.0,0.3543,700,7.2,South,0
LN002492,B,57245.0,17188.0,0.402,751,12.2,North,0
LN002493,B,56389.0,22501.0,0.3539,625,10.5,South,0
LN002494,B,71164.0,21225.0,0.2874,585,8.1,South,0
LN002495,A,86583.0,42459.0,0.4529,682,13.9,North,0
LN002496,B,69588.0,38096.0,0.4919,678,4.2,Central,0
LN002497,A,97102.0,20702.0,0.2761,651,4.9,North,0
LN002498,A,66225.0,18213.0,0.2682,752,1.9,Central,0
LN002499,B,60451.0,16150.0,0.326,511,2.8,South,0
LN002500,B,25093.0,5512.0,0.2635,724,11.0,North,0
LN002501,B,58342.0,10372.0,0.1889,649,2.2,South,0
LN002502,A,82951.0,22612.0,0.2647,709,4.9,Central,1
LN002503,A,83974.0,14027.0,0.191,779,17.0,Central,0
LN002504,A,88048.0,52452.0,0.5405,774,3.0,North,0
LN002505,A,56725.0,18800.0,0.3428,756,4.2,Central,0
LN002506,A,72899.0,33487.0,0.4755,850,1.5,South,0
LN002507,B,67890.0,14969.0,0.1966,721,1.6,South,0
LN002508,A,73857.0,17450.0,0.2738,702,16.8,Central,0
LN002509,A,42991.0,12456.0,0.2448,717,13.3,Central,0
LN002510,A,97268.0,40957.0,0.3809,810,1.7,North,0
LN002511,A,76161.0,14511.0,0.2048,648,13.9,Central,1
LN002512,A,81009.0,18671.0,0.221,724,0.7,Central,0
LN002513,A,41364.0,8322.0,0.1493,743,4.7,North,0
LN002514,B,34161.0,21020.0,0.6535,584,2.6,Central,0
LN002515,A,44812.0,5556.0,0.0922,789,2.0,Central,0
LN002516,A,86826.0,34011.0,0.4303,748,2.7,North,0
LN002517,B,65219.0,33289.0,0.511,664,0.9,North,0
LN002518,A,77497.0,40570.0,0.5647,850,4.7,South,1
LN002519,B,49302.0,18708.0,0.3567,754,6.9,North,0
LN002520,A,75392.0,15105.0,0.267,690,3.4,North,0
LN002521,A,68005.0,10071.0,0.1,658,9.5,Central,0
LN002522,A,50925.0,15110.0,0.336,690,9.5,South,0
LN002523,B,74247.0,18476.0,0.257,664,15.3,South,0
LN002524,A,110386.0,43894.0,0.399,840,3.0,North,0
LN002525,A,95220.0,4000.0,0.0483,850,1.3,Central,0
LN002526,A,64087.0,25748.0,0.3647,780,3.6,North,0
LN002527,A,105579.0,19351.0,0.1781,675,7.5,Central,0
LN002528,B,31883.0,11118.0,0.3461,652,3.6,North,0
LN002529,A,46451.0,10652.0,0.2569,672,18.0,Central,0
LN002530,A,82382.0,28111.0,0.4191,640,3.3,Central,0
LN002531,A,83680.0,25710.0,0.2824,732,3.6,Central,0
LN002532,A,86231.0,29465.0,0.3493,712,18.0,North,0
LN002533,A,31470.0,12393.0,0.3368,756,7.9,South,0
LN002534,A,67035.0,23622.0,0.3917,605,10.1,South,0
LN002535,A,76399.0,23099.0,0.3135,751,4.0,North,0
LN002536,A,77794.0,18436.0,0.1649,746,9.0,North,0
LN002537,B,24664.0,6952.0,0.3065,674,13.9,Central,0
LN002538,B,76371.0,9259.0,0.1617,669,9.6,Central,0
LN002539,B,83582.0,20262.0,0.337,668,12.6,Central,0
LN002540,B,70060.0,20455.0,0.2801,686,11.5,North,0
LN002541,A,42401.0,23880.0,0.5797,773,11.8,Central,0
LN002542,A,70504.0,16585.0,0.1798,649,3.3,Central,1
LN002543,B,46832.0,11118.0,0.1996,694,4.9,North,0
LN002544,A,131447.0,51373.0,0.3992,843,5.6,North,0
LN002545,B,85109.0,38735.0,0.545,780,0.2,North,0
LN002546,A,71907.0,25763.0,0.4285,794,21.6,South,0
LN002547,A,67637.0,27668.0,0.3982,710,1.0,North,0
LN002548,A,80286.0,17071.0,0.2346,817,6.4,Central,0
LN002549,A,70495.0,23621.0,0.348,646,6.2,Central,0
LN002550,A,131018.0,50284.0,0.3875,730,10.0,Central,0
LN002551,A,22000.0,9017.0,0.4622,781,11.9,Central,0
LN002552,B,61668.0,22081.0,0.324,564,13.3,Central,0
LN002553,A,75220.0,20662.0,0.2778,643,1.8,North,0
LN002554,A,105399.0,8236.0,0.0747,727,10.1,Central,0
LN002555,A,107616.0,40097.0,0.3961,738,1.3,North,0
LN002556,B,72158.0,22184.0,0.2952,743,2.6,North,0
LN002557,B,59858.0,30609.0,0.5566,671,5.1,North,0
LN002558,A,53949.0,15360.0,0.2395,671,24.9,South,0
LN002559,A,59460.0,17871.0,0.3585,724,1.0,Central,0
LN002560,A,96145.0,33545.0,0.3897,732,1.2,North,0
LN002561,A,130210.0,49095.0,0.3542,777,4.2,Central,0
LN002562,A,94072.0,30387.0,0.4037,736,0.7,North,0
LN002563,A,67680.0,33301.0,0.486,769,0.9,North,0
LN002564,A,100036.0,32739.0,0.4148,769,5.3,North,0
LN002565,A,75617.0,28034.0,0.3562,755,3.4,North,0
LN002566,A,72503.0,16630.0,0.2111,714,11.5,North,0
LN002567,A,29460.0,14876.0,0.3956,651,3.1,Central,0
LN002568,A,83790.0,25666.0,0.3002,780,1.7,Central,0
LN002569,A,112868.0,53869.0,0.4642,850,5.6,North,0
LN002570,A,67462.0,37615.0,0.5573,678,12.1,North,0
LN002571,A,85874.0,35700.0,0.434,691,5.9,North,0
LN002572,B,36506.0,8669.0,0.2388,585,2.1,South,0
LN002573,A,47648.0,26246.0,0.544,627,13.0,Central,1
LN002574,A,79964.0,32613.0,0.4185,744,10.7,Central,0
LN002575,A,136120.0,47278.0,0.3543,806,1.5,Central,0
LN002576,A,109242.0,45342.0,0.4408,806,5.3,South,0
LN002577,A,92879.0,21167.0,0.1909,742,5.0,South,0
LN002578,B,60663.0,15797.0,0.2632,740,8.8,North,0
LN002579,A,102132.0,10583.0,0.131,800,7.9,North,0
LN002580,A,119981.0,46860.0,0.3283,657,3.7,North,0
LN002581,A,107211.0,33853.0,0.3817,724,10.9,Central,0
LN002582,A,61778.0,6989.0,0.1448,755,1.5,North,0
LN002583,A,105073.0,17588.0,0.2122,844,4.3,North,0
LN002584,A,83467.0,25894.0,0.315,764,1.7,Central,0
LN002585,A,80255.0,30437.0,0.3549,758,13.9,North,0
LN002586,A,78336.0,31549.0,0.3781,664,8.4,Central,0
LN002587,B,58039.0,25115.0,0.3445,590,3.1,North,0
LN002588,A,90583.0,35298.0,0.4199,727,20.8,Central,0
LN002589,A,118629.0,14504.0,0.1776,742,12.9,Central,0
LN002590,A,62014.0,22137.0,0.359,629,4.2,South,0
LN002591,B,41203.0,18736.0,0.4641,654,8.0,North,0
LN002592,A,83652.0,11287.0,0.1913,743,0.4,Central,0
LN002593,B,81486.0,9713.0,0.1315,559,5.7,Central,0
LN002594,B,60497.0,30853.0,0.4961,660,12.9,North,0
LN002595,B,82052.0,11019.0,0.132,642,20.8,Central,1
LN002596,A,53727.0,9083.0,0.1561,839,9.0,South,0
LN002597,B,80573.0,32255.0,0.4519,746,18.0,North,0
LN002598,B,79676.0,14483.0,0.1704,593,6.3,North,0
LN002599,A,96267.0,18033.0,0.19,664,9.9,South,0
LN002600,A,104744.0,42344.0,0.4105,801,4.3,North,0
LN002601,A,94635.0,32181.0,0.3839,739,6.2,North,0
LN002602,B,30718.0,8789.0,0.2927,660,5.4,South,0
LN002603,B,68569.0,16050.0,0.2576,741,7.1,North,0
LN002604,B,82477.0,30615.0,0.3453,737,5.4,South,0
LN002605,B,81286.0,22152.0,0.2502,720,4.5,Central,0
LN002606,B,22000.0,4000.0,0.2301,565,7.9,Central,0
LN002607,A,108304.0,43537.0,0.4227,713,6.0,North,0
LN002608,A,75275.0,38555.0,0.4409,738,10.0,North,0
LN002609,A,95239.0,28544.0,0.3077,692,3.1,Central,0
LN002610,B,61186.0,21619.0,0.4073,613,4.8,Central,1
LN002611,A,103479.0,20310.0,0.1937,825,13.4,North,0
LN002612,A,69071.0,13278.0,0.1704,758,8.1,Central,0
LN002613,A,82537.0,30310.0,0.422,774,3.1,North,0
LN002614,A,92079.0,19522.0,0.2099,674,10.1,North,0
LN002615,B,61768.0,25590.0,0.4018,791,6.8,North,0
LN002616,A,59885.0,18849.0,0.2671,766,4.1,South,0
LN002617,A,109695.0,19588.0,0.1529,710,6.1,South,0
LN002618,A,116673.0,13206.0,0.1152,692,4.6,North,0
LN002619,A,55669.0,15380.0,0.2562,807,9.8,Central,0
LN002620,A,117555.0,6864.0,0.0766,662,16.8,South,0
LN002621,A,56310.0,7985.0,0.1831,672,14.1,North,0
LN002622,B,49066.0,25168.0,0.4658,768,7.6,North,0
LN002623,A,70639.0,15194.0,0.2362,708,6.7,South,0
LN002624,B,68515.0,20450.0,0.2544,805,3.9,South,0
LN002625,A,115408.0,39906.0,0.2807,631,11.2,South,0
LN002626,A,94232.0,27767.0,0.2424,698,6.4,South,0
LN002627,B,60095.0,12470.0,0.175,738,8.8,Central,0
LN002628,B,49874.0,7924.0,0.1738,678,1.7,South,0
LN002629,B,43027.0,24371.0,0.5377,705,3.6,Central,0
LN002630,A,129446.0,58416.0,0.4777,674,10.6,Central,0
LN002631,B,34335.0,8590.0,0.2165,672,5.3,Central,0
LN002632,B,57790.0,35963.0,0.597,569,1.3,North,1
LN002633,A,84091.0,37024.0,0.4833,701,12.8,North,0
LN002634,A,104428.0,27363.0,0.2814,780,4.7,Central,0
LN002635,B,83378.0,23768.0,0.2139,579,7.9,North,1
LN002636,A,42229.0,23341.0,0.5594,676,5.4,Central,0
LN002637,A,85425.0,23235.0,0.1727,626,1.8,North,0
LN002638,B,22000.0,4000.0,0.177,526,8.5,Central,1
LN002639,B,73759.0,20058.0,0.2865,573,3.8,North,0
LN002640,A,82102.0,39618.0,0.5639,771,8.1,North,0
LN002641,A,67064.0,23769.0,0.3445,682,7.4,Central,0
LN002642,A,76890.0,9097.0,0.0791,692,1.5,Central,0
LN002643,A,41614.0,16332.0,0.3733,674,3.6,North,0
LN002644,B,68786.0,25923.0,0.3277,654,7.2,North,0
LN002645,A,82256.0,23048.0,0.2306,673,8.9,South,0
LN002646,A,22000.0,4211.0,0.1846,684,2.8,Central,0
LN002647,A,119438.0,29423.0,0.2779,650,10.1,Central,0
LN002648,B,37121.0,13929.0,0.4182,519,8.3,North,1
LN002649,A,71297.0,15684.0,0.2617,759,16.2,North,0
LN002650,A,58321.0,30125.0,0.5749,690,5.7,Central,0
LN002651,A,79211.0,5566.0,0.1509,702,4.0,North,0
LN002652,A,112555.0,39601.0,0.3296,757,6.5,Central,0
LN002653,A,100186.0,57847.0,0.5184,664,2.7,Central,1
LN002654,A,74289.0,28165.0,0.3671,795,4.2,North,0
LN002655,A,107202.0,20740.0,0.1572,820,6.4,Central,0
LN002656,A,70514.0,23596.0,0.3366,790,10.0,Central,0
LN002657,A,76613.0,29352.0,0.3689,780,11.2,Central,0
LN002658,A,98255.0,56891.0,0.6437,832,4.6,Central,0
LN002659,B,61132.0,22839.0,0.4197,696,4.3,Central,0
LN002660,A,53785.0,21645.0,0.4587,714,14.0,South,0
LN002661,A,57608.0,9822.0,0.2294,642,3.3,Central,0
LN002662,A,87056.0,30264.0,0.3795,685,4.5,Central,0
LN002663,B,53881.0,22516.0,0.4722,779,6.5,North,0
LN002664,A,92649.0,31467.0,0.3316,742,7.9,South,0
LN002665,A,53292.0,13871.0,0.2261,726,13.5,Central,0
LN002666,A,125664.0,68482.0,0.6174,774,4.0,South,1
LN002667,A,64527.0,31638.0,0.468,670,10.6,North,0
LN002668,B,41488.0,13556.0,0.3378,566,12.4,North,0
LN002669,B,72370.0,13491.0,0.2096,714,6.0,Central,0
LN002670,B,22000.0,4586.0,0.1944,658,5.1,North,0
LN002671,A,143193.0,39876.0,0.3278,662,10.3,Central,0
LN002672,A,91183.0,52289.0,0.5632,748,4.9,Central,0
LN002673,A,59492.0,37772.0,0.6033,609,3.2,Central,1
LN002674,B,44807.0,4000.0,0.1096,783,10.6,North,0
LN002675,A,99007.0,31882.0,0.3547,765,1.9,North,0
LN002676,A,90455.0,28292.0,0.2715,774,0.2,Central,1
LN002677,A,51648.0,16193.0,0.2892,661,10.7,Central,0
LN002678,A,67386.0,21490.0,0.3645,818,1.5,Central,0
LN002679,B,65103.0,13115.0,0.2153,579,2.7,Central,1
LN002680,A,80418.0,29848.0,0.4193,738,4.7,South,1
LN002681,A,85540.0,12458.0,0.1259,648,5.6,North,0
LN002682,A,110966.0,27077.0,0.3608,650,7.3,Central,0
LN002683,A,56400.0,11327.0,0.2055,697,4.5,North,0
LN002684,B,66286.0,19698.0,0.2613,702,9.0,Central,0
LN002685,B,51725.0,19226.0,0.3642,674,6.5,Central,0
LN002686,B,85980.0,27568.0,0.2782,691,8.7,Central,0
LN002687,A,124829.0,25415.0,0.2087,713,2.3,Central,0
LN002688,A,79518.0,41924.0,0.4986,734,7.2,South,1
LN002689,A,60162.0,4000.0,0.0373,676,6.6,South,0
LN002690,B,45760.0,14636.0,0.2781,704,4.4,North,0
LN002691,A,92820.0,34576.0,0.3372,809,9.6,South,0
LN002692,A,99515.0,36152.0,0.3774,724,3.6,Central,0
LN002693,A,62744.0,22193.0,0.4125,812,3.6,North,0
LN002694,A,100838.0,27002.0,0.2927,705,1.8,North,0
LN002695,A,98661.0,31167.0,0.2727,815,3.4,Central,0
LN002696,A,99687.0,17268.0,0.2557,776,6.9,South,0
LN002697,A,59886.0,20061.0,0.3598,631,2.2,North,0
LN002698,A,100417.0,26285.0,0.2551,788,15.3,South,0
LN002699,B,45328.0,16745.0,0.3087,775,17.6,North,0
LN002700,A,67116.0,25988.0,0.4082,633,0.3,Central,0
LN002701,A,79517.0,26027.0,0.3304,688,11.4,Central,0
LN002702,B,34886.0,9415.0,0.2741,590,2.3,North,0
LN002703,A,80580.0,14176.0,0.2262,730,15.1,South,0
LN002704,A,91321.0,45451.0,0.5098,612,4.2,North,0
LN002705,A,32783.0,16191.0,0.4599,662,13.1,North,0
LN002706,A,111636.0,11887.0,0.0781,789,8.4,North,0
LN002707,A,84866.0,22526.0,0.2509,609,1.2,Central,0
LN002708,A,95940.0,39208.0,0.4605,609,3.3,South,0
LN002709,B,75560.0,25753.0,0.3197,770,4.8,Central,0
LN002710,B,70911.0,34468.0,0.4858,622,6.5,South,0
LN002711,A,111721.0,27984.0,0.2013,655,10.1,Central,0
LN002712,A,81030.0,21672.0,0.2822,766,11.4,North,0
LN002713,B,60523.0,17945.0,0.2447,637,12.8,South,0
LN002714,A,71744.0,40310.0,0.5777,753,19.9,Central,0
LN002715,A,29434.0,8318.0,0.3182,608,7.0,South,1
LN002716,A,125234.0,48555.0,0.4213,614,1.4,Central,0
LN002717,B,50554.0,17996.0,0.4219,657,2.4,North,1
LN002718,B,74172.0,16878.0,0.2611,480,3.1,Central,1
LN002719,A,108471.0,29462.0,0.2746,662,14.1,North,0
LN002720,B,55196.0,8002.0,0.1387,552,3.8,North,0
LN002721,B,42279.0,21274.0,0.5272,634,2.1,South,0
LN002722,A,62503.0,28377.0,0.3913,778,4.3,North,0
LN002723,B,55972.0,17237.0,0.3111,738,3.1,South,0
LN002724,A,78882.0,23224.0,0.2332,688,5.3,North,0
LN002725,A,80520.0,11228.0,0.208,723,2.1,South,0
LN002726,B,64612.0,22006.0,0.355,656,11.3,North,0
LN002727,B,62900.0,34780.0,0.525,731,15.5,North,0
LN002728,A,110949.0,46293.0,0.4067,760,1.5,South,0
LN002729,B,69992.0,20139.0,0.2529,590,5.8,Central,0
LN002730,A,72817.0,50682.0,0.7598,716,14.7,North,0
LN002731,A,84302.0,24574.0,0.2964,612,7.5,South,0
LN002732,A,102426.0,42602.0,0.4279,699,10.0,Central,0
LN002733,B,41176.0,8455.0,0.1945,717,1.5,North,0
LN002734,A,76564.0,13315.0,0.16,739,6.9,South,0
LN002735,A,85917.0,17207.0,0.2252,797,3.7,North,0
LN002736,A,113871.0,35049.0,0.3527,570,3.7,Central,0
LN002737,A,122154.0,35205.0,0.3076,808,5.6,Central,0
LN002738,B,55264.0,21274.0,0.3234,807,4.8,North,0
LN002739,A,72990.0,17805.0,0.2619,791,6.3,North,1
LN002740,A,82631.0,23095.0,0.3439,687,4.0,South,0
LN002741,B,33332.0,19271.0,0.5341,747,3.8,North,0
LN002742,A,53656.0,17537.0,0.3128,713,4.9,North,0
LN002743,A,51898.0,14339.0,0.2635,736,4.6,Central,0
LN002744,A,76429.0,19887.0,0.2369,752,4.3,Central,0
LN002745,A,65143.0,12159.0,0.1406,713,2.1,Central,0
LN002746,B,60082.0,29492.0,0.5292,755,2.7,North,0
LN002747,A,95798.0,40342.0,0.3903,784,1.2,North,0
LN002748,A,64525.0,18600.0,0.2546,850,10.3,North,0
LN002749,A,108841.0,39098.0,0.3291,728,2.2,South,0
LN002750,A,123492.0,38964.0,0.2791,629,12.7,Central,0
LN002751,A,97074.0,38586.0,0.3493,703,2.8,South,0
LN002752,A,85829.0,21738.0,0.1873,715,12.7,South,0
LN002753,B,40161.0,6097.0,0.1641,756,2.8,North,1
LN002754,A,108981.0,39774.0,0.3778,625,6.5,North,0
LN002755,B,56283.0,24931.0,0.5031,561,2.3,South,0
LN002756,A,93944.0,29627.0,0.4177,827,2.3,North,0
LN002757,A,68524.0,27549.0,0.4312,754,5.9,South,0
LN002758,B,75183.0,22413.0,0.2601,621,8.6,Central,0
LN002759,B,53008.0,13238.0,0.2654,747,4.0,North,0
LN002760,A,72576.0,18292.0,0.2733,759,1.6,North,0
LN002761,A,78341.0,31108.0,0.3767,646,2.8,South,0
LN002762,A,58232.0,26698.0,0.5169,636,17.8,South,0
LN002763,B,61519.0,12397.0,0.2279,608,37.9,Central,0
LN002764,B,34176.0,9519.0,0.3369,751,2.3,North,0
LN002765,A,42503.0,14010.0,0.332,813,2.2,North,0
LN002766,A,89537.0,43135.0,0.4406,817,10.5,Central,0
LN002767,B,64073.0,27914.0,0.447,679,5.4,North,0
LN002768,A,134691.0,28085.0,0.2074,631,4.5,North,0
LN002769,A,86628.0,25876.0,0.2733,731,11.7,North,0
LN002770,A,61595.0,11727.0,0.2407,701,13.2,North,0
LN002771,A,79178.0,24822.0,0.304,616,7.5,Central,0
LN002772,A,70239.0,22041.0,0.318,800,5.5,South,0
LN002773,A,86493.0,29580.0,0.4179,666,15.0,South,0
LN002774,B,58059.0,10758.0,0.1633,753,3.1,North,0
LN002775,A,79103.0,21160.0,0.2435,746,16.1,South,0
LN002776,A,59791.0,9856.0,0.1918,730,1.3,North,0
LN002777,A,76871.0,24504.0,0.256,725,11.2,Central,0
LN002778,A,34682.0,7485.0,0.265,617,4.5,South,0
LN002779,A,77871.0,38599.0,0.5525,850,4.3,North,1
LN002780,A,70185.0,36347.0,0.5316,574,6.7,South,0
LN002781,A,61674.0,18697.0,0.3123,781,6.0,Central,0
LN002782,A,58168.0,4000.0,0.1541,679,4.9,Central,0
LN002783,B,54711.0,16148.0,0.3385,608,13.1,North,0
LN002784,B,80471.0,22526.0,0.2488,707,3.9,North,0
LN002785,A,22000.0,6075.0,0.2939,700,4.7,Central,0
LN002786,A,143135.0,61677.0,0.4462,799,3.7,North,0
LN002787,A,58026.0,23267.0,0.3824,787,2.1,North,0
LN002788,B,47784.0,10036.0,0.1908,616,5.3,Central,0
LN002789,A,160752.0,47673.0,0.3312,718,4.9,North,0
LN002790,A,97265.0,29628.0,0.3619,673,4.6,Central,0
LN002791,A,79172.0,11184.0,0.1501,758,3.3,South,0
LN002792,A,123803.0,25121.0,0.1503,646,6.6,South,0
LN002793,A,85257.0,23072.0,0.2147,563,6.5,South,0
LN002794,A,101012.0,43902.0,0.3484,688,14.1,North,0
LN002795,B,95717.0,23611.0,0.1841,675,5.4,North,0
LN002796,A,111454.0,37879.0,0.3848,724,4.4,Central,0
LN002797,B,82497.0,26235.0,0.3644,678,9.1,South,0
LN002798,A,70474.0,20711.0,0.2135,692,2.0,North,0
LN002799,A,115373.0,23528.0,0.1848,685,2.1,South,0
LN002800,B,92244.0,32910.0,0.2469,620,3.3,North,0
LN002801,A,77551.0,25822.0,0.3775,711,1.1,North,0
LN002802,A,107008.0,28333.0,0.2517,688,5.0,North,0
LN002803,A,88082.0,38825.0,0.4526,695,5.1,South,0
LN002804,B,68778.0,29553.0,0.4407,700,10.6,Central,0
LN002805,A,115131.0,35259.0,0.2923,749,6.3,North,1
LN002806,A,92338.0,52174.0,0.5584,705,14.6,North,0
LN002807,B,57222.0,20546.0,0.2641,744,5.7,Central,0
LN002808,A,63375.0,16351.0,0.2655,692,19.2,Central,0
LN002809,A,75790.0,22746.0,0.3698,850,4.3,South,0
LN002810,A,78784.0,15104.0,0.2364,632,5.5,South,0
LN002811,B,46967.0,7470.0,0.13,742,5.9,North,0
LN002812,B,56422.0,16727.0,0.242,612,5.7,Central,0
LN002813,B,52978.0,13202.0,0.2708,718,2.4,Central,0
LN002814,A,72626.0,13616.0,0.2053,799,10.9,Central,0
LN002815,A,105039.0,21728.0,0.1982,723,2.3,Central,0
LN002816,A,68316.0,21063.0,0.3309,753,7.6,North,0
LN002817,A,98400.0,32908.0,0.3371,655,3.8,South,0
LN002818,A,83204.0,23904.0,0.3069,689,11.3,South,0
LN002819,A,145535.0,62520.0,0.3669,691,0.8,North,0
LN002820,A,99144.0,26166.0,0.3,793,5.7,North,0
LN002821,B,90199.0,38272.0,0.4039,604,9.3,North,0
LN002822,B,49339.0,20148.0,0.336,598,3.5,North,0
LN002823,A,122331.0,30945.0,0.2396,696,3.8,Central,0
LN002824,B,42679.0,15780.0,0.4522,662,6.4,Central,0
LN002825,A,45710.0,15813.0,0.369,743,3.6,Central,0
LN002826,A,144355.0,37155.0,0.2878,695,5.0,North,0
LN002827,A,77240.0,21432.0,0.2698,777,5.7,South,0
LN002828,B,78840.0,27413.0,0.3178,576,5.6,North,0
LN002829,A,61023.0,19991.0,0.3386,719,8.4,North,0
LN002830,A,111784.0,20125.0,0.186,705,4.3,Central,0
LN002831,B,22000.0,6524.0,0.3386,561,6.9,South,0
LN002832,B,121590.0,55666.0,0.4247,648,9.4,North,0
LN002833,A,110079.0,31238.0,0.2469,674,17.3,North,0
LN002834,B,60020.0,24313.0,0.3711,648,5.9,North,0
LN002835,A,103772.0,23587.0,0.2082,742,10.5,North,0
LN002836,B,56830.0,27774.0,0.532,588,2.5,North,1
LN002837,A,80692.0,22922.0,0.324,745,6.6,South,0
LN002838,B,62274.0,23769.0,0.4409,716,12.0,North,0
LN002839,A,116765.0,25458.0,0.2185,662,9.7,Central,0
LN002840,B,75341.0,34715.0,0.4969,575,2.7,North,0
LN002841,A,62602.0,24083.0,0.4172,675,3.9,Central,0
LN002842,A,98766.0,38636.0,0.3898,658,3.1,Central,0
LN002843,A,94236.0,27415.0,0.3194,656,2.1,South,0
LN002844,A,115726.0,46171.0,0.4702,835,4.9,Central,0
LN002845,A,125058.0,67358.0,0.5767,724,2.3,South,0
LN002846,A,79405.0,23868.0,0.2223,755,5.5,South,0
LN002847,A,64218.0,23073.0,0.3836,687,9.4,Central,0
LN002848,A,114190.0,48663.0,0.4359,719,8.0,North,1
LN002849,A,83059.0,25670.0,0.3728,705,2.8,Central,0
LN002850,B,47387.0,14239.0,0.2549,811,4.2,Central,0
LN002851,A,49856.0,9956.0,0.1077,634,4.2,Central,0
LN002852,A,50215.0,24580.0,0.5205,659,5.6,North,0
LN002853,A,44575.0,20249.0,0.4875,776,9.1,North,1
LN002854,B,91570.0,36134.0,0.3519,633,8.3,Central,0
LN002855,B,80252.0,32446.0,0.4198,651,5.4,North,0
LN002856,B,71655.0,9881.0,0.1061,763,2.8,Central,0
LN002857,A,65272.0,14130.0,0.2581,849,11.6,Central,0
LN002858,A,137250.0,72195.0,0.5125,625,5.3,Central,1
LN002859,A,92854.0,13004.0,0.1284,682,7.9,North,0
LN002860,A,93834.0,50384.0,0.5534,815,6.0,North,0
LN002861,A,148032.0,49078.0,0.2977,677,5.1,Central,0
LN002862,A,80360.0,12366.0,0.1034,623,0.8,Central,0
LN002863,A,30199.0,7358.0,0.2681,832,10.1,Central,0
LN002864,A,93306.0,22269.0,0.221,629,9.5,South,0
LN002865,A,130801.0,42195.0,0.3951,744,3.7,South,0
LN002866,B,73459.0,10674.0,0.1715,729,4.8,Central,0
LN002867,B,64758.0,7217.0,0.1008,733,4.5,Central,0
LN002868,A,97878.0,9582.0,0.0866,696,11.6,South,0
LN002869,A,71526.0,16245.0,0.2472,619,8.4,Central,0
LN002870,A,96325.0,17352.0,0.1859,694,8.8,South,0
LN002871,A,97580.0,27497.0,0.3074,744,9.9,North,0
LN002872,A,103019.0,20446.0,0.2509,735,12.6,South,0
LN002873,B,75571.0,23794.0,0.3341,745,6.3,North,0
LN002874,A,96550.0,24860.0,0.2131,628,6.8,Central,1
LN002875,B,57851.0,17854.0,0.3808,776,10.7,North,0
LN002876,A,75203.0,26217.0,0.4007,785,1.7,Central,0
LN002877,A,55291.0,18842.0,0.3147,760,1.7,North,0
LN002878,A,101742.0,39010.0,0.3656,784,11.8,North,0
LN002879,A,104659.0,24144.0,0.2841,593,2.7,South,0
LN002880,A,92866.0,33929.0,0.3705,669,5.5,North,0
LN002881,A,57590.0,22739.0,0.4368,778,1.2,Central,0
LN002882,A,127227.0,33038.0,0.1835,732,0.6,Central,0
LN002883,A,54284.0,11454.0,0.1591,715,3.5,Central,0
LN002884,A,101259.0,52427.0,0.3998,776,7.6,Central,1
LN002885,A,95913.0,34824.0,0.3783,569,4.0,North,1
LN002886,A,99536.0,10014.0,0.1341,850,1.8,Central,0
LN002887,B,68227.0,31538.0,0.4903,560,7.6,North,1
LN002888,B,79697.0,15500.0,0.1782,735,4.7,North,0
LN002889,A,98065.0,24250.0,0.2671,684,10.5,Central,0
LN002890,A,56203.0,21786.0,0.3717,644,1.2,Central,1
LN002891,A,100340.0,41226.0,0.3862,741,8.9,North,0
LN002892,A,46464.0,13975.0,0.3007,674,8.6,North,0
LN002893,A,77787.0,36413.0,0.4732,777,6.8,North,0
LN002894,A,127299.0,28213.0,0.1979,821,17.2,North,0
LN002895,A,70826.0,32037.0,0.4251,711,2.4,North,0
LN002896,A,116746.0,21222.0,0.1668,743,3.2,North,0
LN002897,A,117475.0,30719.0,0.3001,638,6.4,South,0
LN002898,B,66035.0,33886.0,0.5566,640,4.6,South,0
LN002899,B,54478.0,21442.0,0.2965,610,2.2,North,0
LN002900,A,81674.0,24879.0,0.3107,746,3.1,Central,0
LN002901,A,86984.0,27543.0,0.3357,839,0.9,South,0
LN002902,A,58506.0,24662.0,0.3944,675,3.0,Central,1
LN002903,A,84879.0,28362.0,0.3343,658,5.5,North,0
LN002904,B,60302.0,19257.0,0.2878,560,8.2,North,1
LN002905,A,70262.0,24462.0,0.3505,732,5.9,Central,0
LN002906,A,61525.0,24419.0,0.412,755,12.2,North,0
LN002907,B,93960.0,47673.0,0.5608,645,2.3,Central,1
LN002908,A,85676.0,37416.0,0.454,743,8.9,South,0
LN002909,A,55934.0,13030.0,0.2555,664,3.4,North,0
LN002910,A,68394.0,21264.0,0.2137,646,1.2,Central,0
LN002911,A,72694.0,11773.0,0.2182,688,5.4,North,0
LN002912,A,45362.0,13816.0,0.3285,734,12.2,Central,0
LN002913,B,65970.0,32355.0,0.4839,696,2.6,North,1
LN002914,B,28981.0,9915.0,0.3015,767,4.0,Central,0
LN002915,A,65612.0,20807.0,0.3225,758,0.3,North,0
LN002916,A,72780.0,12122.0,0.1148,709,9.8,South,0
LN002917,B,76201.0,24778.0,0.2831,583,3.6,North,1
LN002918,B,71289.0,26200.0,0.3754,685,12.7,Central,0
LN002919,B,56881.0,9700.0,0.1737,599,3.3,Central,0
LN002920,A,156714.0,37575.0,0.2511,744,10.4,North,0
LN002921,A,119725.0,18693.0,0.1346,784,4.7,South,0
LN002922,A,79678.0,26215.0,0.2904,708,8.5,Central,0
LN002923,B,50416.0,12849.0,0.2323,622,23.9,Central,0
LN002924,A,93120.0,46623.0,0.4963,812,4.1,Central,0
LN002925,A,85794.0,37206.0,0.4357,710,20.6,South,0
LN002926,A,42218.0,11300.0,0.3026,717,4.5,South,0
LN002927,B,58291.0,17022.0,0.2367,618,3.0,North,0
LN002928,B,75129.0,25987.0,0.3618,708,19.5,South,1
LN002929,A,76052.0,21469.0,0.2668,703,5.4,North,0
LN002930,A,70796.0,27327.0,0.37,700,5.9,Central,0
LN002931,A,60106.0,20707.0,0.3866,766,7.4,Central,0
LN002932,A,131883.0,51343.0,0.4014,697,3.3,South,0
LN002933,A,106690.0,25191.0,0.2064,651,4.0,North,0
LN002934,A,46875.0,17372.0,0.3494,606,8.0,Central,0
LN002935,A,72301.0,33325.0,0.4191,683,13.2,Central,0
LN002936,A,59135.0,24802.0,0.3892,724,4.9,North,0
LN002937,A,77653.0,11121.0,0.1214,724,7.0,North,0
LN002938,A,97078.0,40368.0,0.368,755,12.3,Central,0
LN002939,A,97882.0,40106.0,0.4557,775,2.9,North,0
LN002940,B,58832.0,19347.0,0.3099,706,5.6,Central,0
LN002941,A,67885.0,22396.0,0.3795,701,6.2,Central,0
LN002942,A,127515.0,54462.0,0.3635,718,5.0,North,0
LN002943,A,67964.0,22282.0,0.2478,709,3.3,North,1
LN002944,A,99716.0,17206.0,0.1775,651,5.1,Central,0
LN002945,A,110184.0,26713.0,0.1441,716,2.9,Central,0
LN002946,A,80308.0,26086.0,0.341,618,13.9,South,0
LN002947,B,80139.0,19418.0,0.2543,775,26.0,North,0
LN002948,A,136802.0,25798.0,0.1205,613,10.7,Central,0
LN002949,A,111049.0,39915.0,0.41,696,2.1,North,0
LN002950,B,66227.0,17130.0,0.219,576,9.5,Central,0
LN002951,A,95957.0,22469.0,0.1825,723,7.0,South,0
LN002952,A,124394.0,38341.0,0.3336,701,9.9,North,0
LN002953,A,60529.0,24582.0,0.4153,744,14.4,North,0
LN002954,B,73579.0,26866.0,0.4158,595,8.9,South,1
LN002955,A,43357.0,12858.0,0.3444,656,5.2,Central,0
LN002956,B,84909.0,25123.0,0.2526,682,4.1,South,0
LN002957,B,78180.0,29047.0,0.3633,668,2.9,Central,0
LN002958,A,67734.0,6212.0,0.0503,654,5.9,North,0
LN002959,B,74283.0,11993.0,0.2291,641,13.0,North,0
LN002960,A,80129.0,30987.0,0.3914,721,3.4,North,0
LN002961,B,69697.0,30167.0,0.4787,747,15.0,Central,0
LN002962,A,79288.0,34906.0,0.3635,744,1.3,Central,0
LN002963,B,78379.0,38410.0,0.5523,760,7.6,Central,0
LN002964,A,96109.0,20385.0,0.1723,634,5.2,North,0
LN002965,A,143906.0,51064.0,0.3887,649,4.3,North,0
LN002966,B,69819.0,24550.0,0.3436,596,13.3,North,0
LN002967,A,66579.0,24430.0,0.3735,694,7.5,South,1
LN002968,B,73596.0,23748.0,0.3985,560,5.8,South,1
LN002969,B,41339.0,11885.0,0.3249,601,3.4,Central,0
LN002970,A,31215.0,8207.0,0.2338,709,12.4,North,0
LN002971,A,102271.0,35180.0,0.3334,607,5.2,North,1
LN002972,B,34561.0,15151.0,0.4819,688,8.7,North,0
LN002973,A,105448.0,14713.0,0.0862,706,8.4,South,0
LN002974,B,66796.0,9179.0,0.1633,573,5.5,North,0
LN002975,A,132243.0,47216.0,0.3921,703,5.6,Central,0
LN002976,A,140766.0,46775.0,0.3272,730,7.4,South,0
LN002977,B,42368.0,14614.0,0.2902,572,2.0,Central,1
LN002978,A,97533.0,28175.0,0.2666,755,4.7,South,0
LN002979,A,33101.0,20429.0,0.6561,816,14.1,North,0
LN002980,A,104614.0,46917.0,0.4709,695,3.8,North,0
LN002981,A,119667.0,36198.0,0.2539,736,1.8,North,0
LN002982,A,102443.0,38521.0,0.4516,561,4.0,Central,1
LN002983,A,109008.0,49606.0,0.4966,680,9.1,South,0
LN002984,A,65906.0,22884.0,0.452,572,15.1,Central,1
LN002985,A,76132.0,11185.0,0.1325,675,7.0,Central,0
LN002986,A,108633.0,41841.0,0.397,731,13.1,South,0
LN002987,B,70032.0,26658.0,0.3913,669,17.5,Central,0
LN002988,A,91497.0,18497.0,0.1991,708,2.1,North,0
LN002989,B,82773.0,24420.0,0.3151,532,7.9,South,1
LN002990,A,89535.0,27196.0,0.2959,774,16.1,South,0
LN002991,A,99408.0,17955.0,0.1974,662,8.5,North,0
LN002992,A,92444.0,40619.0,0.4306,752,3.4,South,0
LN002993,B,70516.0,19590.0,0.2962,706,3.6,North,0
LN002994,A,102785.0,50799.0,0.4607,726,2.3,Central,0
LN002995,B,107077.0,35044.0,0.3168,639,3.4,North,0
LN002996,B,71160.0,19294.0,0.2433,706,3.2,South,0
LN002997,B,61146.0,22457.0,0.3553,797,7.5,North,0
LN002998,B,82658.0,31102.0,0.4211,686,7.6,Central,0
LN002999,B,36261.0,18003.0,0.5231,655,6.7,North,0
LN003000,A,115705.0,37960.0,0.3347,710,1.9,Central,0
LN003001,A,47224.0,15571.0,0.3584,793,4.2,Central,0
LN003002,A,69334.0,29213.0,0.3753,679,1.4,North,0
LN003003,A,55483.0,18544.0,0.3502,825,6.3,North,1
LN003004,A,83847.0,41490.0,0.4695,586,4.8,North,0
LN003005,A,127033.0,73527.0,0.5723,732,10.2,North,1
LN003006,B,44246.0,18892.0,0.4626,607,16.4,North,0
LN003007,B,38428.0,4680.0,0.1625,597,1.1,North,0
LN003008,A,72437.0,19670.0,0.2272,850,10.1,North,0
LN003009,A,76668.0,11049.0,0.1621,646,8.7,North,0
LN003010,A,86597.0,16705.0,0.1742,636,2.6,South,0
LN003011,A,67081.0,16270.0,0.2964,635,3.6,South,0
LN003012,B,52500.0,26075.0,0.5185,613,7.1,South,0
LN003013,A,145787.0,58871.0,0.4236,699,1.6,Central,0
LN003014,B,75119.0,12420.0,0.2093,658,6.0,North,0
LN003015,A,83199.0,44518.0,0.5497,771,10.2,North,0
LN003016,B,41389.0,10988.0,0.2886,581,1.1,North,0
LN003017,A,104676.0,31056.0,0.3035,691,1.3,North,0
LN003018,A,27191.0,8274.0,0.2535,803,6.5,North,0
LN003019,A,42235.0,7547.0,0.1462,635,7.1,Central,0
LN003020,A,120105.0,39592.0,0.3562,666,10.5,North,0
LN003021,B,65958.0,24595.0,0.3657,605,4.2,Central,0
LN003022,A,74566.0,46592.0,0.63,750,6.9,Central,1
LN003023,A,91997.0,36560.0,0.4079,782,5.9,North,0
LN003024,A,124262.0,54941.0,0.4537,707,18.4,North,0
LN003025,B,55342.0,18995.0,0.3631,647,2.7,Central,0
LN003026,A,107587.0,28226.0,0.2828,580,2.9,North,0
LN003027,A,103275.0,45553.0,0.4509,511,5.4,North,1
LN003028,A,105379.0,52281.0,0.5061,697,6.0,North,1
LN003029,A,58551.0,15252.0,0.2169,698,8.2,North,0
LN003030,A,90861.0,46684.0,0.5301,676,2.4,Central,0
LN003031,A,108891.0,30315.0,0.3386,620,7.4,Central,0
LN003032,B,80619.0,16943.0,0.2068,747,7.3,South,0
LN003033,A,62612.0,30120.0,0.5108,689,10.4,South,0
LN003034,A,79440.0,27568.0,0.4177,747,13.8,South,0
LN003035,A,105645.0,23068.0,0.2658,801,6.8,South,0
LN003036,A,76339.0,11494.0,0.1515,783,4.4,North,0
LN003037,A,83609.0,25812.0,0.3599,630,5.1,Central,0
LN003038,A,77125.0,12155.0,0.1328,850,8.3,South,0
LN003039,B,54347.0,24162.0,0.4894,656,6.3,North,0
LN003040,B,79478.0,25455.0,0.3249,706,8.9,South,0
LN003041,B,56244.0,6629.0,0.1229,620,5.8,Central,0
LN003042,B,77208.0,20790.0,0.3125,642,6.1,Central,0
LN003043,B,73030.0,29057.0,0.4519,639,7.5,North,0
LN003044,A,80465.0,25853.0,0.4377,736,4.5,North,0
LN003045,A,53433.0,14881.0,0.3168,740,13.8,Central,0
LN003046,A,39844.0,18768.0,0.4464,730,8.4,Central,1
LN003047,A,58567.0,27961.0,0.4921,645,2.2,South,0
LN003048,A,83065.0,20782.0,0.2056,751,4.7,Central,0
LN003049,A,84599.0,29262.0,0.1966,659,5.9,North,0
LN003050,B,57029.0,20485.0,0.327,625,4.8,Central,0
LN003051,A,90618.0,41940.0,0.3794,684,10.5,Central,1
LN003052,A,78419.0,43419.0,0.5192,630,6.5,Central,0
LN003053,A,67021.0,20552.0,0.2524,723,4.8,South,0
LN003054,A,106881.0,34385.0,0.2987,671,2.1,South,0
LN003055,A,95575.0,43884.0,0.4663,809,12.2,North,0
LN003056,A,69325.0,14613.0,0.268,625,16.4,South,0
LN003057,A,112666.0,29157.0,0.2545,765,13.7,Central,0
LN003058,B,60052.0,21665.0,0.3407,702,2.4,North,0
LN003059,A,69958.0,26404.0,0.4135,659,19.6,Central,0
LN003060,B,45146.0,20740.0,0.5599,729,4.5,South,0
LN003061,A,114037.0,21677.0,0.1066,736,3.6,North,0
LN003062,B,46314.0,15421.0,0.2424,673,14.4,North,0
LN003063,A,86952.0,24097.0,0.3391,757,0.6,Central,0
LN003064,B,39632.0,5800.0,0.1724,627,7.6,North,0
LN003065,A,94500.0,42004.0,0.5137,719,5.6,North,0
LN003066,B,58352.0,11835.0,0.2218,616,8.1,South,1
LN003067,A,63032.0,25588.0,0.4418,739,3.9,South,0
LN003068,A,104677.0,38244.0,0.3838,696,9.1,Central,0
LN003069,A,38186.0,9953.0,0.2768,670,0.8,North,0
LN003070,A,112970.0,50018.0,0.4448,791,4.5,North,0
LN003071,B,68953.0,21793.0,0.293,745,5.0,North,0
LN003072,A,94521.0,21783.0,0.1592,637,2.7,North,0
LN003073,A,80291.0,37115.0,0.4753,707,1.6,North,0
LN003074,A,118207.0,39283.0,0.3548,723,2.2,South,0
LN003075,A,38029.0,9738.0,0.2425,680,8.8,North,0
LN003076,B,51308.0,14470.0,0.2745,589,4.8,Central,0
LN003077,A,49541.0,20069.0,0.3942,774,5.7,Central,0
LN003078,A,83684.0,34190.0,0.416,656,2.6,North,1
LN003079,A,102650.0,50223.0,0.4955,734,14.3,North,0
LN003080,A,106870.0,33756.0,0.2871,788,2.8,Central,0
LN003081,A,87244.0,22421.0,0.2784,666,11.7,North,0
LN003082,B,90929.0,24437.0,0.2713,683,9.8,North,0
LN003083,B,67721.0,31751.0,0.4408,652,7.3,South,1
LN003084,A,126754.0,46258.0,0.396,788,0.5,North,0
LN003085,A,143532.0,15520.0,0.0814,805,4.3,Central,0
LN003086,A,108331.0,40788.0,0.3476,734,4.0,South,0
LN003087,A,97256.0,37760.0,0.3562,787,8.5,Central,0
LN003088,A,121814.0,42029.0,0.3793,752,0.8,South,0
LN003089,A,112535.0,21981.0,0.1894,648,7.2,Central,0
LN003090,B,78434.0,49957.0,0.6396,667,8.9,Central,1
LN003091,B,26182.0,7345.0,0.2771,631,6.9,South,0
LN003092,B,52028.0,13197.0,0.2345,702,5.6,South,0
LN003093,A,101993.0,38071.0,0.3537,689,21.6,Central,0
LN003094,B,29878.0,16102.0,0.5525,681,4.9,North,1
LN003095,A,141930.0,64768.0,0.4854,694,2.5,North,0
LN003096,A,90951.0,22371.0,0.203,779,5.8,South,0
LN003097,A,93711.0,30140.0,0.3013,762,8.7,Central,0
LN003098,A,86861.0,17477.0,0.1457,681,12.6,Central,0
LN003099,B,56726.0,23591.0,0.4409,662,18.9,South,0
LN003100,B,65059.0,16818.0,0.3221,625,4.8,South,0
LN003101,A,62921.0,17041.0,0.2643,728,3.4,Central,0
LN003102,B,88355.0,35136.0,0.4163,785,9.3,South,0
LN003103,A,74035.0,15562.0,0.2332,666,10.1,North,0
LN003104,A,73350.0,24984.0,0.3306,705,3.9,North,0
LN003105,B,64613.0,15452.0,0.201,560,4.9,Central,0
LN003106,B,49002.0,12212.0,0.2464,541,3.4,Central,1
LN003107,A,87238.0,16833.0,0.2012,692,3.9,North,0
LN003108,A,42770.0,16946.0,0.4258,656,4.3,North,1
LN003109,A,66409.0,24571.0,0.3287,696,7.9,Central,0
LN003110,B,45878.0,14148.0,0.3457,660,13.5,South,0
LN003111,A,44511.0,13364.0,0.2596,704,0.6,North,0
LN003112,B,49709.0,18800.0,0.4435,752,0.8,North,0
LN003113,A,108909.0,28468.0,0.2519,698,5.8,North,0
LN003114,B,52986.0,18217.0,0.4442,548,4.8,South,1
LN003115,A,51857.0,18615.0,0.3785,706,1.6,South,0
LN003116,A,100735.0,22609.0,0.2395,658,6.0,North,0
LN003117,A,90279.0,24634.0,0.3061,712,8.3,Central,0
LN003118,A,108213.0,34798.0,0.3405,683,6.2,Central,1
LN003119,A,93975.0,17485.0,0.1553,735,4.5,Central,0
LN003120,A,105008.0,62501.0,0.6066,822,15.1,North,0
LN003121,B,61232.0,19241.0,0.3688,559,8.3,South,0
LN003122,A,76822.0,17949.0,0.2145,591,7.1,Central,0
LN003123,A,31594.0,11715.0,0.3973,827,6.0,South,0
LN003124,A,96472.0,31441.0,0.3,777,18.0,Central,0
LN003125,A,109933.0,54337.0,0.488,741,7.4,South,1
LN003126,B,47418.0,20870.0,0.3998,579,5.1,North,0
LN003127,A,93613.0,36282.0,0.4281,740,3.8,North,0
LN003128,B,48605.0,15924.0,0.3606,555,2.7,Central,0
LN003129,A,94273.0,40442.0,0.4573,783,10.4,Central,0
LN003130,A,113194.0,31590.0,0.2802,795,4.2,North,0
LN003131,A,88518.0,21758.0,0.2325,658,3.8,North,0
LN003132,B,65530.0,23982.0,0.3103,543,2.5,South,0
LN003133,A,82330.0,27421.0,0.2362,621,0.6,Central,0
LN003134,A,122652.0,59889.0,0.5521,600,10.6,North,1
LN003135,A,103214.0,32350.0,0.3276,850,16.3,Central,0
LN003136,A,127423.0,34090.0,0.2329,737,5.0,North,0
LN003137,A,56525.0,12889.0,0.1813,623,5.1,Central,0
LN003138,A,80587.0,30344.0,0.396,818,2.4,North,0
LN003139,A,42959.0,7381.0,0.1534,671,4.4,South,0
LN003140,A,87447.0,32784.0,0.3668,650,7.0,North,0
LN003141,B,72046.0,8030.0,0.03,694,12.2,South,0
LN003142,B,67815.0,19501.0,0.2927,649,7.4,North,0
LN003143,A,104737.0,37588.0,0.2721,637,4.9,North,0
LN003144,A,123617.0,48024.0,0.3985,718,6.1,Central,0
LN003145,B,37442.0,4989.0,0.0838,511,9.2,North,1
LN003146,A,96632.0,38033.0,0.3895,836,1.3,North,0
LN003147,A,23707.0,7687.0,0.3638,773,3.1,Central,0
LN003148,A,84701.0,17156.0,0.2295,622,11.3,Central,0
LN003149,A,52027.0,20170.0,0.3655,771,1.9,South,0
LN003150,B,45423.0,21523.0,0.4191,651,4.4,North,0
LN003151,B,65050.0,11707.0,0.1638,591,16.6,South,0
LN003152,A,101074.0,37822.0,0.3555,685,3.3,North,0
LN003153,A,35419.0,10123.0,0.3515,790,9.1,North,1
LN003154,A,42790.0,5134.0,0.1102,721,0.2,Central,0
LN003155,A,117205.0,33287.0,0.3293,737,6.9,Central,0
LN003156,B,83641.0,23439.0,0.2478,706,2.2,Central,0
LN003157,A,75382.0,17446.0,0.1982,748,2.3,South,0
LN003158,A,68857.0,19378.0,0.1998,736,7.8,South,0
LN003159,A,105153.0,19998.0,0.2218,790,5.9,Central,1
LN003160,A,56332.0,10768.0,0.288,584,2.8,Central,0
LN003161,A,22000.0,8175.0,0.3645,711,5.3,South,0
LN003162,A,72758.0,41031.0,0.5498,703,13.6,North,0
LN003163,A,43238.0,13057.0,0.2994,720,8.6,North,1
LN003164,B,114754.0,33387.0,0.3202,662,7.3,South,0
LN003165,A,68371.0,29563.0,0.4043,742,11.1,Central,0
LN003166,A,59825.0,12870.0,0.1733,778,5.8,North,0
LN003167,A,73626.0,31498.0,0.4076,717,15.8,Central,0
LN003168,A,117524.0,43855.0,0.4089,676,4.2,North,0
LN003169,B,104477.0,27975.0,0.2759,713,2.4,North,1
LN003170,A,91998.0,27903.0,0.3618,651,1.3,Central,0
LN003171,A,83829.0,26755.0,0.2761,592,5.5,Central,0
LN003172,A,82000.0,29195.0,0.4269,653,8.1,South,0
LN003173,B,61971.0,15782.0,0.3097,580,10.6,Central,0
LN003174,A,74610.0,4417.0,0.0367,694,11.7,South,0
LN003175,A,80962.0,31346.0,0.4414,797,10.2,Central,0
LN003176,A,106122.0,12272.0,0.1099,764,0.6,Central,0
LN003177,A,103828.0,43231.0,0.4632,751,15.4,North,0
LN003178,A,28270.0,9282.0,0.3813,680,16.0,Central,0
LN003179,A,106944.0,45960.0,0.4061,656,16.4,Central,0
LN003180,A,69280.0,26105.0,0.386,767,0.8,Central,0
LN003181,A,93066.0,18527.0,0.2235,710,14.2,Central,0
LN003182,A,86654.0,19946.0,0.2055,806,9.8,North,0
LN003183,B,86619.0,13815.0,0.1666,593,10.9,North,0
LN003184,A,99453.0,4883.0,0.0376,659,2.7,North,0
LN003185,B,48244.0,22983.0,0.546,727,0.9,North,0
LN003186,A,128299.0,67500.0,0.5171,712,9.2,North,0
LN003187,B,30209.0,7550.0,0.2042,598,3.6,Central,0
LN003188,A,95880.0,27229.0,0.2742,770,8.8,Central,0
LN003189,A,71315.0,15543.0,0.1763,622,4.5,Central,0
LN003190,A,127189.0,47405.0,0.3266,651,7.4,South,0
LN003191,A,99621.0,33269.0,0.2637,697,3.5,North,0
LN003192,B,57092.0,18705.0,0.3354,693,14.6,North,0
LN003193,B,27549.0,11171.0,0.4689,641,18.3,North,0
LN003194,A,95747.0,13660.0,0.1324,664,7.4,North,0
LN003195,B,84613.0,22259.0,0.2107,663,2.7,Central,0
LN003196,B,36268.0,12967.0,0.398,679,8.0,North,0
LN003197,A,68395.0,13666.0,0.1733,707,3.8,Central,0
LN003198,A,137347.0,56486.0,0.4429,636,12.6,North,1
LN003199,A,72395.0,18630.0,0.2909,734,7.9,North,0
LN003200,A,123743.0,22947.0,0.2683,671,2.7,South,0
LN003201,A,82599.0,25395.0,0.2578,746,4.9,Central,0
LN003202,B,45861.0,17823.0,0.3384,737,1.3,South,0
LN003203,A,108347.0,38032.0,0.3895,831,12.0,South,0
LN003204,B,56127.0,15002.0,0.2907,607,0.7,Central,1
LN003205,B,57763.0,19881.0,0.3339,521,17.4,North,0
LN003206,A,64160.0,21190.0,0.3753,797,0.7,Central,0
LN003207,A,43894.0,14156.0,0.3581,699,6.7,North,0
LN003208,A,58398.0,13235.0,0.2388,672,1.9,Central,0
LN003209,A,84659.0,25992.0,0.2698,722,20.4,South,0
LN003210,A,121286.0,47674.0,0.377,731,13.9,Central,0
LN003211,B,61894.0,17636.0,0.2847,628,7.3,Central,0
LN003212,A,123602.0,18046.0,0.1767,652,9.2,North,0
LN003213,A,48236.0,15439.0,0.3128,752,10.6,North,0
LN003214,A,70994.0,27462.0,0.3842,687,2.0,Central,0
LN003215,A,107920.0,27851.0,0.3445,686,6.1,North,1
LN003216,A,91667.0,15231.0,0.1477,799,9.4,Central,0
LN003217,A,84834.0,31105.0,0.3828,715,6.8,North,0
LN003218,A,115215.0,59055.0,0.55,850,4.8,South,0
LN003219,A,56437.0,15019.0,0.2351,746,14.7,North,0
LN003220,A,76053.0,14195.0,0.2503,716,5.7,North,0
LN003221,A,78508.0,30745.0,0.3343,820,12.0,Central,0
LN003222,A,94827.0,25328.0,0.2671,850,5.1,Central,0
LN003223,A,88539.0,29623.0,0.3453,788,8.9,North,0
LN003224,A,129680.0,18398.0,0.187,850,4.5,North,0
LN003225,A,93272.0,18593.0,0.2384,787,4.4,South,0
LN003226,B,70969.0,28069.0,0.3643,704,0.9,South,1
LN003227,B,71659.0,20959.0,0.3419,596,4.2,North,1
LN003228,A,85968.0,28456.0,0.3719,711,5.2,Central,0
LN003229,A,76789.0,19956.0,0.2219,688,6.9,North,0
LN003230,A,71378.0,26657.0,0.3939,789,1.5,North,0
LN003231,B,75604.0,26501.0,0.372,610,8.0,North,0
LN003232,A,65289.0,10158.0,0.1073,791,2.7,North,0
LN003233,A,93299.0,42239.0,0.4164,821,8.4,South,0
LN003234,A,40794.0,23225.0,0.5822,625,3.7,Central,0
LN003235,A,105690.0,32634.0,0.2529,776,12.9,South,0
LN003236,A,63492.0,26299.0,0.4358,713,5.0,Central,0
LN003237,A,126665.0,56487.0,0.4985,705,2.6,South,0
LN003238,A,95892.0,36578.0,0.4436,704,1.7,Central,0
LN003239,A,59116.0,11117.0,0.1703,690,3.0,South,0
LN003240,B,108987.0,39991.0,0.3334,638,10.7,Central,0
LN003241,A,54031.0,16562.0,0.3702,758,5.6,South,0
LN003242,A,61143.0,10978.0,0.1816,659,5.3,North,0
LN003243,B,38623.0,13435.0,0.311,611,2.0,North,1
LN003244,A,67866.0,27955.0,0.325,712,12.8,Central,0
LN003245,A,34706.0,14581.0,0.3804,825,17.7,North,0
LN003246,A,76913.0,19822.0,0.303,792,4.4,South,0
LN003247,A,118562.0,35110.0,0.2683,689,3.8,North,0
LN003248,B,45192.0,14091.0,0.3562,614,1.2,Central,0
LN003249,A,129522.0,52291.0,0.3886,717,16.7,North,0
LN003250,A,66333.0,28759.0,0.4326,740,7.7,Central,0
LN003251,A,69752.0,28749.0,0.4858,741,8.5,Central,0
LN003252,B,57020.0,17411.0,0.3264,813,2.2,North,0
LN003253,B,72896.0,17408.0,0.2091,685,1.3,South,1
LN003254,A,85837.0,23330.0,0.3184,769,14.2,North,0
LN003255,A,88383.0,34047.0,0.3872,810,8.4,Central,0
LN003256,B,22000.0,9609.0,0.3951,670,3.9,Central,0
LN003257,A,57156.0,12904.0,0.2337,733,6.1,Central,0
LN003258,B,78656.0,32944.0,0.4331,805,9.3,North,0
LN003259,A,93607.0,30773.0,0.2304,814,4.8,Central,1
LN003260,A,128924.0,40201.0,0.3704,691,10.5,Central,0
LN003261,A,61448.0,8262.0,0.2125,648,1.3,Central,0
LN003262,A,134061.0,36359.0,0.2489,648,9.4,North,0
LN003263,B,49459.0,17229.0,0.308,625,9.8,South,0
LN003264,A,86595.0,30635.0,0.3098,789,2.4,North,0
LN003265,A,92488.0,24487.0,0.2536,707,10.7,North,0
LN003266,B,72760.0,15757.0,0.2557,678,2.6,South,0
LN003267,A,60754.0,16650.0,0.2475,566,7.7,Central,0
LN003268,A,47040.0,21211.0,0.4223,731,5.2,North,0
LN003269,B,32982.0,7906.0,0.2066,709,1.6,South,0
LN003270,A,117994.0,34829.0,0.2941,728,4.2,North,0
LN003271,A,170493.0,55714.0,0.3291,712,1.6,Central,0
LN003272,B,100861.0,20445.0,0.2334,696,4.4,North,0
LN003273,A,71941.0,14728.0,0.2104,766,2.6,North,0
LN003274,A,70513.0,24499.0,0.3707,692,17.9,North,0
LN003275,A,117717.0,32053.0,0.3033,676,0.5,North,0
LN003276,A,76431.0,18407.0,0.1415,717,6.9,North,0
LN003277,A,78158.0,22777.0,0.26,647,3.7,Central,0
LN003278,B,40813.0,17784.0,0.5122,618,13.3,North,1
LN003279,A,57655.0,15696.0,0.3461,737,1.9,South,0
LN003280,B,51668.0,15623.0,0.4042,751,9.2,Central,0
LN003281,A,119064.0,65408.0,0.4951,662,3.0,South,0
LN003282,A,85701.0,53441.0,0.6183,661,8.1,North,0
LN003283,A,57611.0,19416.0,0.377,564,6.5,North,0
LN003284,A,110748.0,4000.0,0.0323,676,3.5,Central,0
LN003285,A,60095.0,15976.0,0.2582,675,10.2,Central,0
LN003286,A,109299.0,23343.0,0.2484,623,3.8,North,0
LN003287,B,63603.0,24746.0,0.3802,597,7.0,Central,0
LN003288,A,90057.0,37171.0,0.4013,607,2.2,North,0
LN003289,A,83276.0,24262.0,0.2728,686,4.4,North,0
LN003290,B,54896.0,17962.0,0.3338,692,6.2,North,0
LN003291,B,78685.0,17241.0,0.1833,781,3.0,South,0
LN003292,B,73074.0,35415.0,0.5098,671,7.7,North,1
LN003293,B,33518.0,16131.0,0.4302,687,14.2,North,0
LN003294,A,104933.0,40030.0,0.3418,646,10.3,Central,0
LN003295,A,53608.0,16329.0,0.3323,770,1.8,North,0
LN003296,A,88224.0,11486.0,0.1504,815,3.5,Central,0
LN003297,A,109114.0,27201.0,0.2399,758,11.3,Central,0
LN003298,A,54757.0,22684.0,0.4067,735,2.5,North,0
LN003299,A,80812.0,26632.0,0.2612,633,7.2,South,0
LN003300,A,73899.0,28029.0,0.3764,728,6.4,Central,0
LN003301,A,131859.0,40556.0,0.297,689,10.9,North,0
LN003302,A,99686.0,18364.0,0.1745,713,18.1,Central,0
LN003303,B,61647.0,20247.0,0.341,610,2.6,Central,0
LN003304,A,67579.0,32023.0,0.4632,696,14.0,North,0
LN003305,A,90940.0,23331.0,0.3154,758,3.9,North,0
LN003306,A,103204.0,21272.0,0.3296,587,3.1,South,0
LN003307,A,72696.0,53688.0,0.7587,663,3.5,Central,0
LN003308,B,68036.0,32217.0,0.5206,734,13.1,North,0
LN003309,B,64547.0,14539.0,0.2685,690,5.3,Central,1
LN003310,B,47274.0,11152.0,0.1846,698,11.4,Central,0
LN003311,B,44965.0,13259.0,0.3229,603,9.1,North,0
LN003312,A,100053.0,35891.0,0.3191,679,3.9,South,0
LN003313,A,60567.0,20301.0,0.2174,613,5.1,North,0
LN003314,B,58060.0,27228.0,0.4577,666,5.0,South,0
LN003315,A,167663.0,59042.0,0.2853,749,2.0,North,0
LN003316,A,51713.0,20063.0,0.4327,791,23.3,South,0
LN003317,A,55481.0,24274.0,0.4291,689,7.9,North,0
LN003318,A,96637.0,36940.0,0.455,754,4.8,North,0
LN003319,B,52362.0,8919.0,0.1767,620,6.2,South,0
LN003320,A,77589.0,26341.0,0.291,647,1.1,Central,0
LN003321,A,107765.0,32402.0,0.2906,722,6.7,South,0
LN003322,A,78537.0,35972.0,0.3798,712,4.9,Central,1
LN003323,A,88890.0,31427.0,0.365,752,3.3,Central,0
LN003324,A,92093.0,24408.0,0.2873,789,1.7,North,0
LN003325,A,65494.0,16922.0,0.2098,572,4.0,North,0
LN003326,B,66711.0,23744.0,0.3844,622,13.5,Central,0
LN003327,A,47889.0,4000.0,0.0933,791,3.4,South,0
LN003328,A,49099.0,20453.0,0.4428,654,7.7,Central,0
LN003329,A,72437.0,31937.0,0.4297,623,8.6,North,0
LN003330,B,61894.0,10805.0,0.1706,599,11.3,Central,0
LN003331,A,102157.0,24977.0,0.2865,815,3.2,Central,0
LN003332,A,99485.0,28334.0,0.2672,686,2.4,North,0
LN003333,A,122945.0,22934.0,0.1864,693,9.5,Central,0
LN003334,A,70482.0,29115.0,0.3965,681,3.8,Central,0
LN003335,A,117461.0,26514.0,0.1275,768,3.0,Central,0
LN003336,A,104953.0,42771.0,0.423,744,9.2,North,0
LN003337,B,69287.0,33188.0,0.5445,585,2.1,North,0
LN003338,A,101721.0,28754.0,0.2477,668,11.0,South,0
LN003339,A,105241.0,24557.0,0.2238,698,7.5,North,0
LN003340,A,63990.0,20973.0,0.3644,766,5.1,Central,1
LN003341,A,73199.0,14760.0,0.2106,713,2.2,South,0
LN003342,B,52955.0,23291.0,0.4385,753,3.3,North,0
LN003343,A,113259.0,28511.0,0.2151,604,4.9,Central,0
LN003344,A,95525.0,53444.0,0.573,686,3.1,North,1
LN003345,A,106143.0,31876.0,0.3864,718,4.9,North,0
LN003346,A,88712.0,37167.0,0.3985,739,4.9,Central,0
LN003347,A,46173.0,14063.0,0.356,807,3.6,North,0
LN003348,A,53477.0,21360.0,0.418,803,7.9,North,0
LN003349,A,77390.0,30153.0,0.3447,671,13.3,North,0
LN003350,B,83306.0,37814.0,0.456,752,0.1,South,0
LN003351,A,57181.0,18859.0,0.2717,769,3.0,Central,0
LN003352,B,64372.0,12087.0,0.2464,782,3.3,South,0
LN003353,B,70917.0,31069.0,0.4755,622,2.9,North,0
LN003354,A,115916.0,32155.0,0.2315,778,2.9,Central,1
LN003355,A,51706.0,11670.0,0.3061,618,1.9,Central,0
LN003356,A,102257.0,38206.0,0.4204,721,8.5,Central,0
LN003357,B,49062.0,11662.0,0.1928,771,5.5,Central,0
LN003358,B,85004.0,27906.0,0.385,601,9.4,Central,0
LN003359,A,92820.0,34227.0,0.4121,681,8.6,North,0
LN003360,A,142116.0,56925.0,0.3799,698,3.5,South,0
LN003361,A,79003.0,27142.0,0.3127,662,8.8,Central,0
LN003362,A,54390.0,13895.0,0.2891,699,4.1,Central,0
LN003363,B,70972.0,30550.0,0.5168,558,5.7,North,1
LN003364,A,63029.0,22220.0,0.3311,770,1.7,South,0
LN003365,A,94043.0,41576.0,0.4943,735,5.7,Central,0
LN003366,A,73205.0,21533.0,0.2716,797,9.9,South,0
LN003367,B,69096.0,24095.0,0.3624,708,8.8,North,0
LN003368,B,35795.0,11368.0,0.3008,616,8.3,South,0
LN003369,A,94729.0,47189.0,0.4889,734,3.5,North,1
LN003370,A,72202.0,39150.0,0.4943,681,1.9,North,0
LN003371,A,136389.0,31654.0,0.2536,831,8.1,Central,0
LN003372,A,81958.0,31187.0,0.4121,819,9.2,Central,0
LN003373,A,60267.0,24679.0,0.4357,675,5.7,Central,0
LN003374,A,77952.0,28523.0,0.4011,814,14.8,North,0
LN003375,A,64594.0,26364.0,0.4137,737,4.2,North,0
LN003376,A,112142.0,42613.0,0.3852,577,6.0,North,1
LN003377,A,111712.0,39694.0,0.3328,663,6.9,Central,0
LN003378,A,80227.0,25129.0,0.3153,737,3.7,North,0
LN003379,A,80212.0,25847.0,0.3461,680,2.1,Central,0
LN003380,B,50439.0,11313.0,0.2422,579,2.0,North,1
LN003381,A,57691.0,20494.0,0.3946,630,2.1,Central,0
LN003382,B,40846.0,13807.0,0.3386,671,7.1,North,0
LN003383,B,96219.0,26994.0,0.3379,714,5.0,South,1
LN003384,A,103824.0,35473.0,0.3447,652,3.0,Central,0
LN003385,A,105990.0,49611.0,0.452,667,6.0,Central,0
LN003386,A,67578.0,23091.0,0.3134,748,6.4,Central,0
LN003387,A,75301.0,18409.0,0.2119,745,11.6,North,0
LN003388,A,127358.0,28026.0,0.2113,646,11.4,North,0
LN003389,B,53436.0,17600.0,0.3462,638,2.2,Central,1
LN003390,A,69115.0,8006.0,0.126,746,3.7,North,0
LN003391,A,36721.0,10861.0,0.3149,733,1.2,South,0
LN003392,A,78615.0,7806.0,0.1412,725,2.1,Central,0
LN003393,A,83336.0,32393.0,0.4226,769,5.2,Central,0
LN003394,A,49051.0,17937.0,0.3316,722,6.2,Central,0
LN003395,B,74195.0,16732.0,0.2992,780,0.8,Central,0
LN003396,B,57837.0,7429.0,0.1389,720,9.2,North,0
LN003397,A,69062.0,32383.0,0.5121,613,10.5,Central,1
LN003398,A,79248.0,12789.0,0.1842,773,14.2,Central,0
LN003399,B,65715.0,21766.0,0.3709,850,8.4,South,0
LN003400,A,86921.0,5601.0,0.0346,762,12.6,South,0
LN003401,A,48778.0,12871.0,0.2848,804,5.1,Central,0
LN003402,B,40101.0,11883.0,0.2481,686,6.8,Central,0
LN003403,A,69994.0,35894.0,0.443,771,5.7,Central,1
LN003404,B,50598.0,21734.0,0.4429,664,9.9,Central,0
LN003405,A,68974.0,31047.0,0.439,766,5.2,North,0
LN003406,A,110053.0,20473.0,0.2051,646,2.2,North,0
LN003407,A,149607.0,54331.0,0.3714,847,4.1,North,0
LN003408,A,113421.0,25541.0,0.2386,753,23.5,Central,0
LN003409,B,85339.0,26444.0,0.3562,604,19.1,North,1
LN003410,A,39819.0,10856.0,0.221,737,10.4,Central,0
LN003411,A,97147.0,27835.0,0.3026,769,3.3,Central,0
LN003412,A,101143.0,44152.0,0.4409,656,1.9,South,1
LN003413,A,101514.0,35272.0,0.3376,689,6.7,South,0
LN003414,B,27261.0,8762.0,0.2902,730,6.9,Central,0
LN003415,B,48067.0,9400.0,0.2209,727,4.2,Central,0
LN003416,B,30913.0,9230.0,0.3287,480,5.2,South,0
LN003417,A,51599.0,34125.0,0.7215,783,7.6,North,0
LN003418,A,71847.0,26092.0,0.4059,850,8.3,South,0
LN003419,A,66139.0,27513.0,0.4082,737,10.2,South,0
LN003420,A,65850.0,21371.0,0.2557,650,7.2,Central,0
LN003421,A,50277.0,11441.0,0.2153,699,5.7,Central,1
LN003422,B,47538.0,20622.0,0.4721,603,12.1,Central,0
LN003423,A,93717.0,30665.0,0.3351,805,3.4,North,0
LN003424,A,71230.0,15763.0,0.1457,749,15.0,Central,0
LN003425,A,81160.0,34663.0,0.4441,748,2.7,Central,0
LN003426,A,74185.0,13651.0,0.122,735,2.4,Central,0
LN003427,B,74206.0,8812.0,0.1149,658,10.4,North,0
LN003428,A,127976.0,41270.0,0.3396,643,1.0,Central,0
LN003429,B,42905.0,16217.0,0.384,837,2.4,Central,0
LN003430,A,85204.0,26032.0,0.4255,736,8.3,North,0
LN003431,B,47527.0,15204.0,0.3467,660,4.6,Central,0
LN003432,B,54443.0,20448.0,0.3661,595,6.7,North,1
LN003433,B,67382.0,26163.0,0.4043,739,1.8,North,0
LN003434,A,109638.0,45209.0,0.3549,625,15.8,North,0
LN003435,A,120204.0,28542.0,0.1526,625,12.9,Central,0
LN003436,B,65840.0,26453.0,0.3986,694,3.4,North,0
LN003437,B,59955.0,17247.0,0.2861,726,2.2,North,0
LN003438,A,75445.0,22441.0,0.3039,681,10.7,South,1
LN003439,A,118714.0,32884.0,0.3051,768,11.1,Central,1
LN003440,A,72066.0,23254.0,0.3575,638,6.5,Central,0
LN003441,A,31786.0,12322.0,0.3599,678,3.1,Central,0
LN003442,A,103190.0,38236.0,0.3523,692,1.2,Central,0
LN003443,B,71032.0,33209.0,0.4661,615,0.8,North,1
LN003444,A,113391.0,26799.0,0.2497,722,16.7,North,0
LN003445,B,62926.0,16444.0,0.2287,564,1.0,North,0
LN003446,A,130971.0,10350.0,0.03,739,1.4,North,0
LN003447,A,117406.0,55582.0,0.4525,727,12.7,South,0
LN003448,A,61824.0,17772.0,0.4143,745,6.5,Central,1
LN003449,A,81003.0,10367.0,0.2056,823,10.7,South,0
LN003450,A,78758.0,24969.0,0.3214,764,6.6,South,0
LN003451,B,81523.0,26406.0,0.3612,661,16.8,Central,0
LN003452,A,102945.0,17255.0,0.162,765,4.4,Central,0
LN003453,A,88069.0,30255.0,0.3686,779,3.6,South,0
LN003454,A,102909.0,48215.0,0.5152,689,2.2,Central,0
LN003455,A,108477.0,33838.0,0.345,665,8.9,Central,0
LN003456,A,97177.0,23692.0,0.2423,727,1.3,North,0
LN003457,B,50225.0,21198.0,0.4325,685,19.0,Central,0
LN003458,A,124572.0,40341.0,0.3085,687,10.5,South,0
LN003459,A,26691.0,4000.0,0.1794,850,8.9,North,0
LN003460,A,83000.0,11885.0,0.1066,729,12.5,North,0
LN003461,A,88502.0,26159.0,0.3269,712,5.3,North,0
LN003462,A,112783.0,32834.0,0.2385,713,3.2,South,0
LN003463,A,93836.0,20045.0,0.1943,753,6.5,Central,0
LN003464,A,110011.0,10842.0,0.1237,767,3.9,Central,0
LN003465,A,65708.0,25258.0,0.4073,698,2.2,Central,0
LN003466,A,98924.0,28325.0,0.2988,662,9.3,North,0
LN003467,B,54620.0,17546.0,0.3788,717,0.9,Central,0
LN003468,A,57694.0,25613.0,0.452,582,5.2,North,0
LN003469,A,89495.0,19715.0,0.2409,783,2.4,Central,0
LN003470,A,69434.0,22473.0,0.303,714,6.5,Central,0
LN003471,A,100106.0,49332.0,0.4319,773,11.4,South,0
LN003472,B,69735.0,27736.0,0.4552,713,5.7,Central,0
LN003473,A,69475.0,26963.0,0.4576,660,1.5,Central,0
LN003474,A,66999.0,13026.0,0.2139,685,4.2,Central,0
LN003475,A,82994.0,23598.0,0.3292,732,10.4,North,0
LN003476,A,90973.0,33898.0,0.3057,605,4.7,North,0
LN003477,A,112276.0,19583.0,0.1621,599,10.7,North,0
LN003478,A,57979.0,28071.0,0.428,691,2.0,North,0
LN003479,A,89239.0,22446.0,0.1807,777,12.2,South,0
LN003480,A,54174.0,26920.0,0.4249,731,7.9,North,0
LN003481,B,55102.0,18020.0,0.3139,720,28.9,North,0
LN003482,A,69355.0,20183.0,0.3735,757,3.6,South,0
LN003483,A,75944.0,9653.0,0.0592,684,5.7,South,0
LN003484,A,66838.0,7777.0,0.1081,698,3.9,North,0
LN003485,B,49494.0,20934.0,0.4357,646,5.2,South,0
LN003486,A,85348.0,9549.0,0.0845,734,9.7,Central,0
LN003487,A,67582.0,7092.0,0.119,775,5.6,North,0
LN003488,A,89898.0,38052.0,0.4331,723,6.3,South,0
LN003489,A,101091.0,20528.0,0.1733,674,6.3,North,0
LN003490,B,50406.0,22469.0,0.4311,692,7.9,North,0
LN003491,A,93025.0,34192.0,0.3851,684,3.0,Central,0
LN003492,A,81366.0,27980.0,0.4025,736,14.2,Central,0
LN003493,A,127111.0,49447.0,0.384,643,13.8,North,0
LN003494,A,66482.0,29062.0,0.4858,616,11.7,South,0
LN003495,A,70673.0,23636.0,0.3764,755,7.9,Central,0
LN003496,A,54196.0,24154.0,0.3599,717,18.1,North,0
LN003497,A,113403.0,42083.0,0.4047,652,3.2,North,0
LN003498,B,66748.0,19510.0,0.3171,623,21.9,Central,0
LN003499,A,100617.0,46471.0,0.498,756,4.3,South,1
LN003500,A,93877.0,31536.0,0.4087,620,2.5,North,0
LN003501,B,58268.0,25819.0,0.4235,522,2.7,North,1
LN003502,A,100166.0,31763.0,0.3083,614,2.8,North,0
LN003503,A,78260.0,23584.0,0.3272,628,2.3,Central,1
LN003504,A,69957.0,44889.0,0.6174,645,1.4,North,1
LN003505,A,69539.0,21741.0,0.2333,673,3.8,North,0
LN003506,A,104721.0,42970.0,0.4779,771,5.5,North,0
LN003507,A,80945.0,31224.0,0.3261,776,4.3,North,0
LN003508,A,70385.0,37538.0,0.5453,757,3.3,Central,0
LN003509,A,101065.0,42253.0,0.3656,685,7.9,North,0
LN003510,A,73528.0,27804.0,0.3917,761,3.0,Central,0
LN003511,A,64877.0,15539.0,0.2937,752,6.8,South,0
LN003512,A,110654.0,37795.0,0.4164,709,17.6,Central,0
LN003513,A,84705.0,36221.0,0.353,703,6.0,Central,0
LN003514,B,60954.0,6102.0,0.1622,733,2.7,North,0
LN003515,B,77655.0,29794.0,0.3406,636,4.7,North,0
LN003516,A,96933.0,36094.0,0.3534,691,14.5,North,1
LN003517,B,73976.0,24385.0,0.335,692,6.1,North,0
LN003518,A,55073.0,19051.0,0.3337,783,3.4,North,1
LN003519,A,99039.0,26053.0,0.2742,727,4.1,Central,0
LN003520,A,73529.0,31902.0,0.4331,759,9.7,South,0
LN003521,A,51415.0,19458.0,0.3999,704,4.3,South,0
LN003522,A,103099.0,25466.0,0.2564,724,7.8,North,0
LN003523,B,33888.0,12836.0,0.3534,728,3.6,Central,0
LN003524,A,73291.0,23250.0,0.2848,778,11.8,Central,0
LN003525,A,65017.0,22894.0,0.3426,741,6.4,Central,0
LN003526,B,53567.0,17587.0,0.2921,698,5.5,Central,0
LN003527,B,30458.0,9944.0,0.3468,686,12.2,Central,0
LN003528,A,72871.0,35161.0,0.4337,572,7.7,South,1
LN003529,B,63930.0,27756.0,0.4417,681,4.1,North,0
LN003530,A,89302.0,26187.0,0.2855,716,5.3,Central,0
LN003531,A,95814.0,31737.0,0.3846,646,7.0,Central,0
LN003532,A,92551.0,5266.0,0.0517,709,6.8,South,0
LN003533,A,70821.0,30377.0,0.4409,606,12.7,Central,0
LN003534,A,102951.0,18217.0,0.1572,695,9.6,North,0
LN003535,A,44396.0,12504.0,0.2466,682,8.6,North,0
LN003536,A,22000.0,6518.0,0.3135,716,4.3,Central,0
LN003537,B,76627.0,18922.0,0.2129,624,3.9,North,0
LN003538,A,76621.0,38660.0,0.5191,772,15.8,North,0
LN003539,B,59755.0,21869.0,0.3715,594,2.9,Central,1
LN003540,A,96921.0,37622.0,0.4798,755,8.5,Central,0
LN003541,B,40310.0,10345.0,0.216,602,4.9,Central,0
LN003542,A,88687.0,30730.0,0.3422,685,0.8,Central,0
LN003543,A,81686.0,32434.0,0.3217,732,15.2,North,0
LN003544,B,56640.0,16723.0,0.2494,580,6.0,Central,0
LN003545,A,111365.0,39766.0,0.2896,700,2.5,North,0
LN003546,A,98870.0,37313.0,0.4432,733,9.7,North,0
LN003547,A,103352.0,18698.0,0.1708,718,0.9,South,0
LN003548,A,141839.0,54263.0,0.439,749,11.3,North,0
LN003549,A,96487.0,6269.0,0.0427,692,8.4,South,0
LN003550,A,85256.0,36867.0,0.4407,842,12.2,North,0
LN003551,A,98861.0,30677.0,0.3377,693,5.9,Central,0
LN003552,A,72371.0,48497.0,0.6699,658,14.1,Central,1
LN003553,A,74654.0,31008.0,0.4085,678,6.6,North,0
LN003554,A,61147.0,30808.0,0.5667,781,10.6,North,0
LN003555,A,47664.0,14700.0,0.3266,741,11.0,North,0
LN003556,A,125354.0,48518.0,0.4004,637,12.3,Central,0
LN003557,A,98940.0,35438.0,0.4413,609,6.2,Central,0
LN003558,A,73579.0,33560.0,0.4596,704,2.1,North,0
LN003559,A,48819.0,21945.0,0.4583,676,9.9,Central,0
LN003560,A,106410.0,54645.0,0.4514,689,11.7,South,0
LN003561,A,49282.0,18158.0,0.3955,768,15.6,South,0
LN003562,B,92510.0,19110.0,0.22,646,9.6,North,0
LN003563,A,111444.0,40721.0,0.259,612,7.2,North,0
LN003564,A,89814.0,30767.0,0.3761,809,1.9,Central,0
LN003565,A,45226.0,4000.0,0.1146,738,8.1,Central,0
LN003566,A,62848.0,4111.0,0.0963,652,16.5,South,0
LN003567,A,91406.0,36144.0,0.403,818,2.2,Central,0
LN003568,B,44690.0,19961.0,0.5282,700,8.4,North,0
LN003569,A,71362.0,20862.0,0.3129,850,6.5,Central,0
LN003570,B,74734.0,44476.0,0.6042,707,3.1,Central,1
LN003571,A,80795.0,22228.0,0.2847,661,2.5,South,0
LN003572,A,63265.0,29393.0,0.4718,676,11.0,Central,0
LN003573,A,97377.0,34194.0,0.3419,721,7.0,Central,1
LN003574,A,83315.0,42207.0,0.5429,784,3.7,North,0
LN003575,B,71492.0,13462.0,0.1845,611,9.7,Central,1
LN003576,A,61684.0,29526.0,0.4651,817,1.7,Central,0
LN003577,B,44242.0,18560.0,0.4849,772,6.6,Central,0
LN003578,A,69181.0,24828.0,0.3763,776,4.2,North,0
LN003579,A,59107.0,19696.0,0.2558,643,6.0,North,0
LN003580,A,103473.0,30778.0,0.248,660,3.9,Central,0
LN003581,A,115398.0,34603.0,0.284,694,4.2,North,0
LN003582,A,61687.0,11955.0,0.2309,682,5.4,South,0
LN003583,A,82335.0,40763.0,0.4213,728,7.9,Central,0
LN003584,B,42940.0,6306.0,0.0946,764,8.5,Central,0
LN003585,A,101032.0,43099.0,0.5139,611,2.1,North,0
LN003586,A,91534.0,38533.0,0.4451,739,2.2,North,1
LN003587,B,56150.0,33031.0,0.5683,724,4.2,South,0
LN003588,B,57270.0,20727.0,0.3949,776,16.9,North,0
LN003589,A,59693.0,14341.0,0.2225,669,1.0,South,0
LN003590,A,102870.0,34571.0,0.3359,816,9.2,South,0
LN003591,B,52868.0,6067.0,0.193,743,7.7,North,0
LN003592,B,74655.0,17891.0,0.2884,774,6.7,North,0
LN003593,A,109304.0,44226.0,0.385,633,5.5,Central,0
LN003594,A,88127.0,47668.0,0.5303,678,6.0,North,0
LN003595,A,97251.0,32461.0,0.2567,659,7.1,Central,0
LN003596,A,86026.0,33777.0,0.421,726,13.6,North,1
LN003597,A,95056.0,25421.0,0.2816,632,1.7,Central,0
LN003598,A,36718.0,13012.0,0.3565,720,1.4,South,0
LN003599,A,85552.0,29149.0,0.3716,603,0.8,North,0
LN003600,A,48031.0,15822.0,0.3122,849,9.5,Central,0
LN003601,B,67640.0,19013.0,0.2978,766,3.2,North,0
LN003602,A,134681.0,79288.0,0.5825,713,2.3,Central,0
LN003603,A,116853.0,13955.0,0.136,656,5.6,North,0
LN003604,B,70953.0,20357.0,0.3027,675,7.3,North,0
LN003605,A,87837.0,22747.0,0.2487,611,11.5,Central,0
LN003606,A,102596.0,42946.0,0.4351,738,6.8,North,0
LN003607,A,70488.0,24017.0,0.3596,662,9.3,Central,0
LN003608,A,68988.0,19906.0,0.2485,808,9.3,South,0
LN003609,A,93771.0,40778.0,0.4013,759,11.0,South,0
LN003610,A,138627.0,71480.0,0.5311,735,8.0,South,0
LN003611,A,98329.0,52735.0,0.5543,783,1.3,South,0
LN003612,B,47343.0,24947.0,0.5036,670,8.8,South,0
LN003613,B,70420.0,16066.0,0.2431,644,2.9,Central,0
LN003614,A,72168.0,27666.0,0.3799,690,8.4,North,0
LN003615,A,73662.0,26040.0,0.3631,683,0.7,Central,0
LN003616,B,47696.0,23942.0,0.5075,669,2.8,Central,0
LN003617,A,98494.0,51187.0,0.5485,729,10.7,South,0
LN003618,B,58760.0,9665.0,0.1848,706,4.8,Central,0
LN003619,A,102198.0,35407.0,0.3576,697,19.8,North,0
LN003620,A,95999.0,25343.0,0.2376,777,7.5,South,0
LN003621,A,69875.0,12851.0,0.2194,758,14.1,Central,0
LN003622,A,93045.0,33941.0,0.388,697,6.7,Central,0
LN003623,A,63211.0,28095.0,0.3901,683,5.2,North,1
LN003624,A,38309.0,9964.0,0.2659,725,7.7,North,0
LN003625,A,58465.0,27785.0,0.4117,691,5.8,North,0
LN003626,A,98498.0,8705.0,0.1003,682,6.5,North,0
LN003627,A,106828.0,4000.0,0.0751,647,6.8,North,0
LN003628,A,103711.0,21208.0,0.168,728,5.5,North,0
LN003629,A,82041.0,29642.0,0.412,774,4.6,Central,0
LN003630,A,22000.0,9953.0,0.41,722,7.1,Central,0
LN003631,A,38268.0,12563.0,0.2837,675,2.8,Central,0
LN003632,A,84272.0,37351.0,0.4684,667,4.3,Central,0
LN003633,A,112717.0,48392.0,0.4618,743,11.4,Central,0
LN003634,B,54029.0,16319.0,0.2831,585,3.9,North,0
LN003635,B,67524.0,14627.0,0.1991,700,2.3,Central,0
LN003636,B,81821.0,22808.0,0.254,729,5.2,Central,0
LN003637,A,82514.0,50365.0,0.5509,703,15.8,Central,0
LN003638,A,107361.0,33617.0,0.2908,659,5.7,Central,0
LN003639,A,82075.0,24905.0,0.3507,747,1.3,North,0
LN003640,B,73346.0,24610.0,0.3422,679,5.2,North,0
LN003641,A,85223.0,25953.0,0.3167,608,9.3,North,0
LN003642,A,70249.0,8872.0,0.1358,602,3.1,Central,0
LN003643,B,69954.0,25279.0,0.3925,604,11.6,North,1
LN003644,A,89483.0,22279.0,0.2288,686,4.9,North,0
LN003645,B,80562.0,4000.0,0.0878,527,3.7,South,0
LN003646,B,58277.0,5909.0,0.1421,581,3.8,Central,0
LN003647,A,73934.0,24472.0,0.3634,648,11.4,North,0
LN003648,A,109060.0,22660.0,0.235,723,4.9,South,0
LN003649,B,58348.0,14624.0,0.229,689,2.3,Central,0
LN003650,A,56511.0,31640.0,0.5172,714,0.4,South,0
LN003651,A,83972.0,18779.0,0.1861,597,10.6,Central,0
LN003652,A,56163.0,8405.0,0.1617,736,4.8,South,0
LN003653,A,76202.0,28401.0,0.3825,614,7.1,Central,0
LN003654,A,66028.0,21461.0,0.2893,829,4.9,South,0
LN003655,A,80543.0,24746.0,0.2827,740,4.7,South,0
LN003656,A,82711.0,36488.0,0.3923,778,4.6,North,0
LN003657,A,85219.0,23016.0,0.2519,729,18.5,South,0
LN003658,A,109102.0,39612.0,0.4243,661,14.2,South,0
LN003659,A,107315.0,36268.0,0.3147,703,8.4,South,0
LN003660,A,97072.0,34831.0,0.3465,768,2.9,North,0
LN003661,A,68095.0,13544.0,0.2006,663,1.6,North,0
LN003662,A,97798.0,26250.0,0.2969,756,5.9,North,0
LN003663,A,108428.0,40363.0,0.388,685,5.3,Central,0
LN003664,A,120984.0,48744.0,0.4408,757,16.5,North,0
LN003665,A,93434.0,27263.0,0.3436,763,12.6,South,0
LN003666,B,77526.0,19648.0,0.2182,743,8.5,North,0
LN003667,B,80687.0,31673.0,0.4189,664,8.9,South,1
LN003668,B,79408.0,34049.0,0.4403,544,3.6,South,0
LN003669,A,55084.0,19681.0,0.4448,762,11.5,Central,0
LN003670,B,91051.0,39147.0,0.3786,597,9.8,South,1
LN003671,A,55241.0,20002.0,0.4267,776,15.2,Central,0
LN003672,A,122843.0,36140.0,0.2461,759,5.2,North,0
LN003673,B,39879.0,10522.0,0.2595,674,3.0,North,0
LN003674,A,73796.0,18363.0,0.2334,758,4.2,North,0
LN003675,B,44263.0,18449.0,0.3539,754,9.8,Central,0
LN003676,B,84258.0,4000.0,0.0474,824,9.7,Central,0
LN003677,A,88998.0,22986.0,0.2852,725,13.9,Central,0
LN003678,A,115686.0,30948.0,0.3179,760,4.0,Central,1
LN003679,A,50925.0,11918.0,0.19,677,1.6,North,0
LN003680,A,87255.0,34946.0,0.4103,704,4.9,North,0
LN003681,A,33084.0,14735.0,0.4207,811,5.5,Central,0
LN003682,B,96655.0,27418.0,0.2789,659,2.5,North,0
LN003683,A,91834.0,40830.0,0.4128,743,5.2,Central,0
LN003684,A,83744.0,17693.0,0.1901,782,3.9,North,0
LN003685,A,90304.0,34360.0,0.3404,755,4.8,South,0
LN003686,B,67766.0,30602.0,0.4238,676,6.4,North,0
LN003687,A,60864.0,23637.0,0.402,811,11.3,North,1
LN003688,A,91083.0,48214.0,0.4809,762,11.8,Central,0
LN003689,B,49703.0,17314.0,0.4023,795,5.0,Central,0
LN003690,B,71617.0,37240.0,0.5357,716,7.8,Central,1
LN003691,A,66737.0,24561.0,0.3356,641,0.8,North,0
LN003692,A,68125.0,19023.0,0.2903,848,4.4,Central,0
LN003693,A,65435.0,22442.0,0.3773,645,17.9,North,0
LN003694,A,77808.0,7461.0,0.1126,636,2.6,Central,0
LN003695,A,98700.0,37478.0,0.3803,721,9.7,Central,0
LN003696,A,22000.0,10676.0,0.5553,757,2.7,North,0
LN003697,A,61959.0,20968.0,0.3001,701,8.2,North,0
LN003698,A,112223.0,37358.0,0.3142,675,6.1,North,0
LN003699,A,60252.0,24179.0,0.3966,677,10.2,Central,0
LN003700,A,95504.0,22941.0,0.2641,664,9.3,Central,0
LN003701,A,64855.0,21125.0,0.3264,849,4.3,Central,0
LN003702,A,84659.0,15719.0,0.1217,707,5.4,North,0
LN003703,B,47317.0,15501.0,0.2849,822,6.6,North,0
LN003704,B,78052.0,32024.0,0.4014,674,2.7,Central,1
LN003705,A,88547.0,21102.0,0.2797,758,13.5,South,0
LN003706,A,97232.0,29664.0,0.3645,663,8.2,Central,1
LN003707,A,82840.0,24348.0,0.2611,667,6.1,Central,0
LN003708,B,70416.0,16976.0,0.2156,655,1.1,North,0
LN003709,A,102100.0,34008.0,0.3667,788,11.7,Central,0
LN003710,B,58037.0,14564.0,0.2595,787,16.1,Central,0
LN003711,A,55601.0,13591.0,0.1659,683,1.6,Central,0
LN003712,A,72598.0,19167.0,0.274,727,3.3,Central,0
LN003713,B,78891.0,18038.0,0.2395,601,3.7,South,0
LN003714,A,98153.0,45912.0,0.4537,799,6.3,Central,0
LN003715,A,97683.0,27881.0,0.2843,685,6.6,Central,0
LN003716,A,65467.0,11393.0,0.1991,727,5.2,North,1
LN003717,A,96767.0,46767.0,0.4861,763,12.2,North,0
LN003718,A,68684.0,11943.0,0.1846,846,3.7,Central,0
LN003719,A,72886.0,20368.0,0.2778,649,16.7,North,0
LN003720,A,107332.0,26993.0,0.1959,751,4.4,North,0
LN003721,B,62477.0,21322.0,0.4363,576,5.6,Central,0
LN003722,A,47034.0,4000.0,0.0561,625,14.6,North,0
LN003723,A,138599.0,59255.0,0.5087,800,13.1,North,0
LN003724,A,65865.0,16276.0,0.3111,803,2.7,North,0
LN003725,A,85135.0,45537.0,0.5243,712,6.4,South,0
LN003726,B,53080.0,12837.0,0.2052,569,2.5,Central,0
LN003727,A,85187.0,34033.0,0.445,735,4.6,South,0
LN003728,A,84842.0,21496.0,0.2149,644,3.6,North,0
LN003729,A,84984.0,14559.0,0.2282,783,6.2,North,1
LN003730,A,84443.0,7107.0,0.03,850,10.6,North,0
LN003731,B,59993.0,20799.0,0.3798,639,7.2,North,1
LN003732,A,91802.0,46605.0,0.5291,767,5.4,North,0
LN003733,A,59450.0,10131.0,0.1178,725,3.2,North,0
LN003734,A,85600.0,39850.0,0.4827,834,4.5,North,0
LN003735,A,108869.0,35462.0,0.2624,707,6.1,South,0
LN003736,A,73930.0,10931.0,0.1863,793,7.5,Central,0
LN003737,A,141299.0,78385.0,0.5896,734,9.2,South,0
LN003738,A,104660.0,52145.0,0.4809,747,13.2,South,0
LN003739,B,65448.0,14282.0,0.3019,701,14.0,South,0
LN003740,A,95459.0,9801.0,0.0941,765,5.1,Central,0
LN003741,A,55126.0,23349.0,0.3404,619,13.2,North,0
LN003742,A,85777.0,31597.0,0.3473,698,1.5,North,0
LN003743,A,130426.0,37567.0,0.2835,752,6.1,North,0
LN003744,A,56254.0,11158.0,0.0688,727,5.6,North,0
LN003745,A,86680.0,18881.0,0.268,727,1.5,North,1
LN003746,B,90979.0,24183.0,0.3275,746,0.6,North,0
LN003747,A,68536.0,19230.0,0.3461,796,10.2,North,0
LN003748,B,33357.0,11216.0,0.35,744,4.0,South,0
LN003749,A,118133.0,31805.0,0.2205,736,10.2,North,0
LN003750,A,71764.0,8866.0,0.1453,741,1.7,North,0
LN003751,A,67690.0,26586.0,0.3922,741,11.5,North,0
LN003752,A,103616.0,31828.0,0.3228,636,11.5,North,0
LN003753,A,123083.0,28951.0,0.1628,773,5.6,North,0
LN003754,A,92091.0,35862.0,0.383,735,13.7,Central,0
LN003755,A,104410.0,42481.0,0.3843,746,2.5,Central,0
LN003756,B,49200.0,22037.0,0.4746,671,4.1,North,0
LN003757,A,85167.0,47925.0,0.5535,686,6.1,Central,0
LN003758,A,74428.0,35725.0,0.5381,738,4.2,Central,1
LN003759,A,110274.0,54715.0,0.5204,733,7.3,North,0
LN003760,A,62782.0,24103.0,0.4314,659,2.2,North,0
LN003761,A,51492.0,9994.0,0.1796,607,13.1,North,1
LN003762,A,153048.0,70732.0,0.4073,732,8.8,Central,1
LN003763,A,79734.0,33822.0,0.4691,636,5.6,Central,1
LN003764,A,65467.0,14977.0,0.2254,687,5.6,North,0
LN003765,A,100798.0,37983.0,0.3321,692,9.1,North,0
LN003766,A,131083.0,29673.0,0.2286,777,4.5,North,0
LN003767,A,64195.0,16565.0,0.3536,714,8.2,North,0
LN003768,B,57101.0,15161.0,0.2657,673,2.8,North,0
LN003769,A,53602.0,25038.0,0.4656,653,3.7,North,0
LN003770,A,43655.0,14567.0,0.3388,626,1.2,Central,1
LN003771,A,72249.0,32301.0,0.52,682,4.3,Central,0
LN003772,A,70349.0,32452.0,0.4397,732,13.7,Central,0
LN003773,A,68746.0,21026.0,0.2726,685,3.1,Central,0
LN003774,A,106522.0,15459.0,0.1943,586,5.8,Central,0
LN003775,B,83484.0,20959.0,0.1474,699,8.9,North,1
LN003776,B,67150.0,39220.0,0.6194,822,23.5,North,0
LN003777,A,81373.0,49695.0,0.582,746,6.9,South,0
LN003778,A,141872.0,47988.0,0.3145,714,10.2,Central,0
LN003779,A,22000.0,7035.0,0.3875,777,1.3,South,0
LN003780,B,41077.0,11574.0,0.2686,683,9.1,Central,0
LN003781,A,79721.0,9777.0,0.1432,693,3.1,North,0
LN003782,A,119392.0,47206.0,0.4038,713,9.5,Central,0
LN003783,B,52139.0,9065.0,0.1978,763,2.5,Central,0
LN003784,A,128959.0,56896.0,0.4699,651,4.6,Central,0
LN003785,A,74039.0,23338.0,0.3281,796,8.7,Central,0
LN003786,A,72012.0,15528.0,0.2517,707,8.5,North,0
LN003787,A,89094.0,21921.0,0.2449,726,2.9,South,0
LN003788,A,40494.0,13402.0,0.2307,807,6.9,Central,0
LN003789,A,62507.0,32725.0,0.5215,822,2.9,North,0
LN003790,A,84686.0,39894.0,0.4481,769,1.3,South,0
LN003791,A,91987.0,29021.0,0.2975,800,5.8,Central,0
LN003792,B,63132.0,18360.0,0.2539,612,8.0,South,0
LN003793,A,79344.0,17262.0,0.2136,657,7.8,South,0
LN003794,A,67893.0,24312.0,0.2744,704,3.7,South,0
LN003795,A,68971.0,15422.0,0.2851,735,13.6,Central,0
LN003796,A,115663.0,29593.0,0.1706,676,12.7,North,0
LN003797,A,93640.0,14978.0,0.2041,738,5.1,Central,0
LN003798,A,97291.0,36214.0,0.347,578,11.7,North,0
LN003799,A,54349.0,18790.0,0.3454,749,8.6,South,0
LN003800,B,49793.0,17885.0,0.2873,657,7.8,North,0
LN003801,B,84553.0,36087.0,0.4785,516,1.9,North,0
LN003802,A,86125.0,30395.0,0.3059,681,8.6,North,0
LN003803,A,94820.0,14452.0,0.2128,698,7.0,Central,0
LN003804,A,69608.0,31858.0,0.4637,727,4.2,South,0
LN003805,B,48268.0,24249.0,0.5219,753,6.3,North,0
LN003806,A,72437.0,9508.0,0.1153,673,11.4,North,0
LN003807,A,81742.0,32066.0,0.3074,731,13.3,North,0
LN003808,B,44779.0,14161.0,0.3277,665,17.3,South,0
LN003809,A,71882.0,5480.0,0.0912,601,1.8,Central,0
LN003810,B,53959.0,26491.0,0.4976,557,4.3,North,0
LN003811,A,113809.0,29560.0,0.2536,657,1.8,North,0
LN003812,A,83538.0,24318.0,0.3104,727,1.9,North,0
LN003813,A,76677.0,45975.0,0.579,722,6.3,North,0
LN003814,B,42654.0,20973.0,0.4974,660,12.2,North,0
LN003815,A,88086.0,18337.0,0.2654,783,13.3,South,0
LN003816,A,103768.0,26968.0,0.2118,729,2.0,Central,0
LN003817,A,107349.0,34533.0,0.2888,771,2.5,North,1
LN003818,A,128744.0,70510.0,0.573,625,6.7,North,0
LN003819,B,68504.0,19703.0,0.2237,715,6.4,North,0
LN003820,A,128786.0,26911.0,0.2007,752,7.6,North,0
LN003821,B,43189.0,13951.0,0.3139,655,6.7,North,0
LN003822,B,123704.0,55508.0,0.4923,730,9.5,Central,0
LN003823,A,50965.0,16364.0,0.2393,797,19.8,North,0
LN003824,A,74646.0,24275.0,0.2615,712,2.8,North,0
LN003825,A,83430.0,32147.0,0.4008,692,10.8,South,0
LN003826,A,68097.0,25713.0,0.3549,747,0.5,South,0
LN003827,A,70019.0,21204.0,0.3086,758,1.6,Central,0
LN003828,A,115379.0,37825.0,0.3335,707,1.9,North,0
LN003829,A,103182.0,39571.0,0.406,783,15.0,North,0
LN003830,A,94875.0,37611.0,0.3368,770,5.8,Central,0
LN003831,A,105013.0,27368.0,0.2977,766,7.5,North,1
LN003832,A,95613.0,31863.0,0.3947,809,25.4,North,0
LN003833,A,137400.0,65139.0,0.4663,700,8.0,Central,1
LN003834,B,72185.0,22078.0,0.3207,784,12.8,Central,0
LN003835,A,47874.0,16918.0,0.3519,751,14.8,Central,0
LN003836,A,50821.0,11958.0,0.28,654,0.7,North,0
LN003837,A,73434.0,23982.0,0.3044,635,4.4,Central,0
LN003838,A,117845.0,38402.0,0.3479,760,9.8,Central,0
LN003839,B,82629.0,34147.0,0.4257,658,14.0,South,0
LN003840,B,83246.0,31898.0,0.3862,724,7.0,South,1
LN003841,A,69925.0,21099.0,0.2558,715,1.9,South,0
LN003842,A,63302.0,23920.0,0.3732,687,1.4,Central,0
LN003843,B,61110.0,11485.0,0.0846,557,6.5,North,0
LN003844,A,69966.0,23508.0,0.2876,686,7.0,North,0
LN003845,B,101898.0,44130.0,0.464,585,11.1,Central,0
LN003846,B,70141.0,27165.0,0.3416,581,3.4,South,0
LN003847,B,50034.0,15748.0,0.3091,624,5.6,Central,0
LN003848,B,94846.0,29814.0,0.3718,663,15.1,North,0
LN003849,B,78435.0,24177.0,0.2997,694,5.6,North,0
LN003850,A,62213.0,25510.0,0.44,735,9.5,Central,0
LN003851,A,100723.0,65168.0,0.5782,775,6.7,Central,0
LN003852,B,43459.0,10858.0,0.2385,646,6.0,Central,0
LN003853,A,80713.0,42621.0,0.4916,740,12.0,North,1
LN003854,A,51735.0,18370.0,0.3469,765,4.3,South,0
LN003855,A,96466.0,27428.0,0.3126,721,3.6,North,0
LN003856,A,108941.0,47194.0,0.4696,697,6.0,North,0
LN003857,B,52648.0,4000.0,0.1025,721,18.2,South,0
LN003858,A,110487.0,45499.0,0.3997,669,1.6,North,0
LN003859,A,103582.0,38199.0,0.4211,713,1.9,Central,1
LN003860,B,50490.0,12934.0,0.2284,684,4.4,North,0
LN003861,B,78500.0,23057.0,0.2888,710,11.9,Central,0
LN003862,A,88599.0,23235.0,0.3155,714,16.6,South,0
LN003863,B,70168.0,12999.0,0.2385,661,4.1,Central,0
LN003864,B,86934.0,31763.0,0.3612,659,9.7,North,0
LN003865,A,79908.0,48456.0,0.5908,650,16.2,South,0
LN003866,A,43923.0,23260.0,0.4386,677,11.3,South,0
LN003867,A,69475.0,12879.0,0.2014,714,15.2,North,0
LN003868,A,91981.0,29179.0,0.3018,731,2.0,Central,0
LN003869,B,36181.0,12269.0,0.3358,641,5.3,North,0
LN003870,B,81610.0,22554.0,0.2249,777,12.2,Central,0
LN003871,A,118356.0,35402.0,0.2886,706,3.0,Central,0
LN003872,B,50245.0,17270.0,0.3335,694,12.0,Central,0
LN003873,B,82844.0,14105.0,0.1122,850,7.0,North,0
LN003874,A,70323.0,10599.0,0.1422,722,3.3,Central,0
LN003875,A,114798.0,11597.0,0.0738,736,2.8,South,0
LN003876,B,61284.0,12387.0,0.1781,773,7.4,South,0
LN003877,A,83477.0,23504.0,0.3057,655,21.3,North,0
LN003878,A,71143.0,19872.0,0.2637,691,6.0,South,1
LN003879,B,43513.0,13710.0,0.271,601,9.5,North,0
LN003880,A,98499.0,24833.0,0.2296,681,7.8,North,0
LN003881,A,39385.0,21623.0,0.5831,623,11.4,North,0
LN003882,A,56178.0,24627.0,0.4504,715,8.9,Central,0
LN003883,A,92584.0,38840.0,0.459,709,13.9,Central,0
LN003884,A,120227.0,48611.0,0.3833,699,3.0,North,0
LN003885,A,121397.0,49342.0,0.4199,761,9.8,Central,0
LN003886,A,102593.0,12048.0,0.1275,770,17.7,Central,0
LN003887,A,133281.0,70607.0,0.5068,653,2.0,Central,0
LN003888,B,95376.0,32049.0,0.2471,594,0.3,North,0
LN003889,A,63727.0,17674.0,0.3373,826,6.5,Central,0
LN003890,A,109209.0,18886.0,0.1214,850,1.1,Central,0
LN003891,B,89425.0,13056.0,0.0944,685,7.7,South,0
LN003892,A,80090.0,19609.0,0.2819,804,9.4,North,0
LN003893,A,79751.0,26554.0,0.3104,709,10.7,South,0
LN003894,A,72383.0,27941.0,0.4115,698,8.7,Central,0
LN003895,A,101852.0,18351.0,0.1931,718,15.3,Central,0
LN003896,A,87189.0,38630.0,0.4247,676,5.7,North,0
LN003897,B,22000.0,4260.0,0.2602,681,3.5,North,0
LN003898,A,103351.0,42676.0,0.4771,696,1.0,North,0
LN003899,A,88984.0,4000.0,0.0871,646,6.9,North,0
LN003900,A,71698.0,33293.0,0.466,577,3.2,South,0
LN003901,A,73934.0,9198.0,0.1692,608,5.6,South,0
LN003902,B,54959.0,16130.0,0.2807,693,9.6,South,0
LN003903,A,67025.0,41860.0,0.6248,694,0.9,North,0
LN003904,B,89873.0,33791.0,0.4515,699,0.3,South,1
LN003905,A,98093.0,37170.0,0.3421,699,3.3,South,0
LN003906,A,82862.0,30141.0,0.3056,741,14.0,Central,0
LN003907,A,45985.0,18152.0,0.3713,728,8.7,Central,0
LN003908,B,43540.0,18729.0,0.4496,719,4.7,North,0
LN003909,A,101055.0,37508.0,0.3852,749,2.7,North,0
LN003910,B,78791.0,29047.0,0.4032,689,8.7,Central,0
LN003911,A,121838.0,39864.0,0.3712,657,7.0,South,0
LN003912,A,77089.0,34128.0,0.4623,670,2.6,South,0
LN003913,A,46451.0,14478.0,0.2733,703,1.5,North,0
LN003914,A,134470.0,28893.0,0.1871,688,7.3,Central,0
LN003915,B,76179.0,34749.0,0.4739,642,11.5,South,0
LN003916,A,103911.0,39687.0,0.4058,832,0.5,North,0
LN003917,A,103111.0,32699.0,0.3259,723,4.6,North,0
LN003918,A,127504.0,17055.0,0.1334,705,4.4,South,0
LN003919,A,81724.0,19787.0,0.2191,735,12.2,North,0
LN003920,A,83638.0,15870.0,0.198,746,0.8,North,0
LN003921,B,45301.0,15632.0,0.4168,510,9.8,North,0
LN003922,B,40040.0,7523.0,0.2226,692,18.2,South,0
LN003923,A,94553.0,42701.0,0.4511,669,12.2,North,0
LN003924,A,114775.0,50000.0,0.4812,714,7.0,Central,0
LN003925,A,80380.0,19724.0,0.2208,603,17.6,South,1
LN003926,A,80891.0,11626.0,0.2075,676,2.6,North,0
LN003927,A,97932.0,22729.0,0.3085,686,3.7,North,0
LN003928,B,42044.0,21042.0,0.4829,652,5.4,South,0
LN003929,B,59933.0,12504.0,0.1796,617,9.7,North,0
LN003930,A,124510.0,35826.0,0.2942,686,9.5,North,0
LN003931,A,81780.0,27970.0,0.3093,805,3.9,Central,0
LN003932,A,70885.0,24900.0,0.3651,745,2.7,North,0
LN003933,B,58962.0,25807.0,0.3651,582,5.1,Central,1
LN003934,A,60348.0,26791.0,0.4324,677,12.4,North,0
LN003935,A,79106.0,6679.0,0.121,638,9.2,Central,0
LN003936,A,82541.0,18752.0,0.2831,729,3.9,Central,1
LN003937,B,55659.0,21611.0,0.4268,680,10.5,North,0
LN003938,A,44043.0,16521.0,0.3717,695,3.1,Central,0
LN003939,A,80468.0,19545.0,0.2444,801,7.5,North,0
LN003940,A,91386.0,38523.0,0.3648,723,2.0,Central,0
LN003941,A,69393.0,22389.0,0.248,641,1.4,Central,0
LN003942,A,86647.0,32319.0,0.3726,731,20.5,Central,0
LN003943,A,110502.0,28196.0,0.3154,741,8.7,South,0
LN003944,A,77237.0,30157.0,0.3534,609,7.9,North,0
LN003945,A,109683.0,38067.0,0.3508,688,6.9,South,0
LN003946,A,68732.0,8923.0,0.1319,747,1.6,Central,0
LN003947,A,64795.0,13520.0,0.2677,716,3.2,North,0
LN003948,A,99275.0,52935.0,0.4896,731,8.8,North,0
LN003949,A,127408.0,35679.0,0.2857,633,12.2,North,0
LN003950,B,69613.0,24629.0,0.3794,655,12.6,South,0
LN003951,B,62181.0,22117.0,0.3481,795,10.6,Central,0
LN003952,B,84237.0,36402.0,0.4228,499,3.4,North,1
LN003953,A,100824.0,31788.0,0.3074,663,7.7,Central,0
LN003954,A,60204.0,12120.0,0.1473,713,6.9,South,0
LN003955,B,38565.0,4193.0,0.1148,730,5.1,Central,0
LN003956,A,91745.0,21483.0,0.2726,751,3.7,North,0
LN003957,A,67237.0,13513.0,0.1763,679,2.0,Central,0
LN003958,A,71743.0,20382.0,0.2571,731,11.1,North,0
LN003959,B,66725.0,20158.0,0.3162,627,5.6,North,0
LN003960,B,44495.0,10102.0,0.1789,589,8.5,North,0
LN003961,A,76505.0,26725.0,0.3294,699,15.7,North,1
LN003962,A,96538.0,29198.0,0.3177,776,4.6,North,0
LN003963,A,105098.0,37448.0,0.3231,736,4.7,North,0
LN003964,A,97347.0,21874.0,0.1706,787,6.3,North,0
LN003965,A,63809.0,23117.0,0.3808,612,1.1,North,1
LN003966,A,35935.0,10953.0,0.342,644,9.3,North,0
LN003967,B,22000.0,7524.0,0.297,592,1.6,South,0
LN003968,A,96116.0,35209.0,0.3321,720,6.6,Central,0
LN003969,A,91663.0,45226.0,0.4805,780,13.2,North,0
LN003970,A,78388.0,19198.0,0.235,608,7.1,Central,0
LN003971,B,32007.0,12540.0,0.4219,639,7.0,Central,0
LN003972,B,55354.0,10576.0,0.1808,775,8.5,South,0
LN003973,A,87335.0,36541.0,0.3728,634,3.3,South,1
LN003974,A,133572.0,50736.0,0.4063,791,11.3,North,0
LN003975,A,105913.0,38286.0,0.374,662,3.9,Central,0
LN003976,B,81509.0,45422.0,0.551,659,5.6,Central,0
LN003977,A,103406.0,34146.0,0.3685,690,15.2,North,0
LN003978,B,48577.0,14092.0,0.2623,622,12.3,Central,0
LN003979,A,63443.0,16968.0,0.2833,621,5.3,South,0
LN003980,A,114546.0,48518.0,0.4584,691,7.1,North,0
LN003981,A,114253.0,67889.0,0.6508,739,10.6,Central,0
LN003982,A,81346.0,39923.0,0.5586,832,4.5,North,0
LN003983,A,74904.0,15606.0,0.2063,772,5.9,Central,0
LN003984,B,26615.0,4366.0,0.1319,654,3.4,South,0
LN003985,B,103795.0,21186.0,0.1702,636,4.3,Central,0
LN003986,B,52128.0,17609.0,0.3244,567,4.6,North,0
LN003987,B,44503.0,14755.0,0.3854,570,1.9,North,0
LN003988,B,74627.0,31103.0,0.4451,616,7.9,Central,0
LN003989,A,83583.0,35007.0,0.4664,701,4.6,North,0
LN003990,A,62030.0,25418.0,0.3572,714,2.1,South,0
LN003991,A,71208.0,21906.0,0.2998,732,2.5,South,0
LN003992,A,73349.0,14233.0,0.1624,728,2.5,North,0
LN003993,A,109045.0,34243.0,0.3363,757,1.3,South,0
LN003994,B,35628.0,10827.0,0.3358,654,11.6,Central,0
LN003995,A,69473.0,22549.0,0.261,789,10.0,Central,0
LN003996,A,82718.0,17043.0,0.1898,737,2.9,South,0
LN003997,A,151347.0,49469.0,0.3508,640,3.1,South,0
LN003998,A,104158.0,22406.0,0.2113,678,4.2,North,0
LN003999,A,124657.0,31687.0,0.2515,736,1.8,North,0
